profile_id,segment_id,start_sample,end_sample,row,split,in_train
2,2_0,0,7420,0,test,False
2,2_1,7420,19357,1,test,False
3,3_2,0,9650,2,val,False
3,3_3,9650,19248,3,val,False
4,4_4,0,3350,4,train,True
4,4_5,3350,5510,5,train,True
4,4_6,5510,6600,6,train,True
4,4_7,6600,16640,7,train,True
4,4_8,16640,21860,8,train,True
4,4_9,21860,23430,9,train,True
4,4_10,23430,26340,10,train,True
4,4_11,26340,33424,11,train,True
5,5_12,0,6240,12,train,True
5,5_13,6240,14788,13,train,True
6,6_14,0,22100,14,test,False
6,6_15,22100,25950,15,test,False
6,6_16,25950,31530,16,test,False
6,6_17,31530,33020,17,test,False
6,6_18,33020,33580,18,test,False
6,6_19,33580,34210,19,test,False
6,6_20,34210,35050,20,test,False
6,6_21,35050,36380,21,test,False
6,6_22,36380,37250,22,test,False
6,6_23,37250,40388,23,test,False
7,7_24,0,12050,24,train,True
7,7_25,12050,14651,25,train,True
8,8_26,0,9760,26,train,True
8,8_27,9760,18757,27,train,True
9,9_28,0,11360,28,val,False
9,9_29,11360,20336,29,val,False
10,10_30,0,300,30,train,True
10,10_31,300,570,31,train,True
10,10_32,570,1470,32,train,True
10,10_33,1470,2240,33,train,True
10,10_34,2240,2790,34,train,True
10,10_35,2790,3070,35,train,True
10,10_36,3070,4780,36,train,True
10,10_37,4780,5230,37,train,True
10,10_38,5230,5570,38,train,True
10,10_39,5570,6010,39,train,True
10,10_40,6010,6590,40,train,True
10,10_41,6590,15256,41,train,True
11,11_42,0,400,42,train,True
11,11_43,400,7490,43,train,True
11,11_44,7490,7887,44,train,True
12,12_45,0,12760,45,test,False
12,12_46,12760,21942,46,test,False
13,13_47,0,19220,47,train,True
13,13_48,19220,35906,48,train,True
14,14_49,0,11200,49,test,False
14,14_50,11200,18598,50,test,False
15,15_51,0,10110,51,train,True
15,15_52,10110,18124,52,train,True
16,16_53,0,13860,53,train,True
16,16_54,13860,20645,54,train,True
17,17_55,0,8550,55,train,True
17,17_56,8550,15964,56,train,True
18,18_57,0,24380,57,val,False
18,18_58,24380,37732,58,val,False
19,19_59,0,8440,59,val,False
19,19_60,8440,10410,60,val,False
20,20_61,0,2130,61,test,False
20,20_62,2130,3590,62,test,False
20,20_63,3590,4570,63,test,False
20,20_64,4570,7340,64,test,False
20,20_65,7340,8950,65,test,False
20,20_66,8950,10000,66,test,False
20,20_67,10000,14950,67,test,False
20,20_68,14950,15980,68,test,False
20,20_69,15980,18250,69,test,False
20,20_70,18250,20180,70,test,False
20,20_71,20180,25380,71,test,False
20,20_72,25380,28310,72,test,False
20,20_73,28310,32240,73,test,False
20,20_74,32240,33800,74,test,False
20,20_75,33800,37000,75,test,False
20,20_76,37000,38740,76,test,False
20,20_77,38740,40440,77,test,False
20,20_78,40440,43971,78,test,False
21,21_79,0,6690,79,train,True
21,21_80,6690,17321,80,train,True
23,23_81,0,6220,81,train,True
23,23_82,6220,11856,82,train,True
24,24_83,0,8790,83,train,True
24,24_84,8790,15015,84,train,True
26,26_85,0,9240,85,test,False
26,26_86,9240,16666,86,test,False
27,27_87,0,710,87,train,True
27,27_88,710,2600,88,train,True
27,27_89,2600,5060,89,train,True
27,27_90,5060,6110,90,train,True
27,27_91,6110,8620,91,train,True
27,27_92,8620,10720,92,train,True
27,27_93,10720,11320,93,train,True
27,27_94,11320,12130,94,train,True
27,27_95,12130,14060,95,train,True
27,27_96,14060,16710,96,train,True
27,27_97,16710,21120,97,train,True
27,27_98,21120,24410,98,train,True
27,27_99,24410,28240,99,train,True
27,27_100,28240,31340,100,train,True
27,27_101,31340,35361,101,train,True
29,29_102,0,1100,102,train,True
29,29_103,1100,2600,103,train,True
29,29_104,2600,4530,104,train,True
29,29_105,4530,5080,105,train,True
29,29_106,5080,6640,106,train,True
29,29_107,6640,8670,107,train,True
29,29_108,8670,11830,108,train,True
29,29_109,11830,13630,109,train,True
29,29_110,13630,15080,110,train,True
29,29_111,15080,17150,111,train,True
29,29_112,17150,18970,112,train,True
29,29_113,18970,20430,113,train,True
29,29_114,20430,21358,114,train,True
30,30_115,0,3080,115,train,True
30,30_116,3080,6870,116,train,True
30,30_117,6870,11140,117,train,True
30,30_118,11140,15390,118,train,True
30,30_119,15390,18710,119,train,True
30,30_120,18710,20310,120,train,True
30,30_121,20310,23863,121,train,True
31,31_122,0,3020,122,train,True
31,31_123,3020,6720,123,train,True
31,31_124,6720,9110,124,train,True
31,31_125,9110,11610,125,train,True
31,31_126,11610,14310,126,train,True
31,31_127,14310,15587,127,train,True
32,32_128,0,1200,128,train,True
32,32_129,1200,2620,129,train,True
32,32_130,2620,6440,130,train,True
32,32_131,6440,8990,131,train,True
32,32_132,8990,11310,132,train,True
32,32_133,11310,13040,133,train,True
32,32_134,13040,15400,134,train,True
32,32_135,15400,17600,135,train,True
32,32_136,17600,19500,136,train,True
32,32_137,19500,20960,137,train,True
36,36_138,0,830,138,train,True
36,36_139,830,3090,139,train,True
36,36_140,3090,3880,140,train,True
36,36_141,3880,6560,141,train,True
36,36_142,6560,7300,142,train,True
36,36_143,7300,10070,143,train,True
36,36_144,10070,10750,144,train,True
36,36_145,10750,14710,145,train,True
36,36_146,14710,15380,146,train,True
36,36_147,15380,18190,147,train,True
36,36_148,18190,18790,148,train,True
36,36_149,18790,21660,149,train,True
36,36_150,21660,22110,150,train,True
36,36_151,22110,22609,151,train,True
41,41_152,0,360,152,train,True
41,41_153,360,1120,153,train,True
41,41_154,1120,1410,154,train,True
41,41_155,1410,2270,155,train,True
41,41_156,2270,3140,156,train,True
41,41_157,3140,4120,157,train,True
41,41_158,4120,4880,158,train,True
41,41_159,4880,5930,159,train,True
41,41_160,5930,6600,160,train,True
41,41_161,6600,7390,161,train,True
41,41_162,7390,7920,162,train,True
41,41_163,7920,11320,163,train,True
41,41_164,11320,12260,164,train,True
41,41_165,12260,13080,165,train,True
41,41_166,13080,14560,166,train,True
41,41_167,14560,16700,167,train,True
42,42_168,0,1320,168,train,True
42,42_169,1320,2590,169,train,True
42,42_170,2590,3470,170,train,True
42,42_171,3470,3720,171,train,True
42,42_172,3720,4940,172,train,True
42,42_173,4940,6140,173,train,True
42,42_174,6140,7340,174,train,True
42,42_175,7340,8550,175,train,True
42,42_176,8550,9760,176,train,True
42,42_177,9760,12220,177,train,True
42,42_178,12220,14570,178,train,True
42,42_179,14570,15810,179,train,True
42,42_180,15810,16920,180,train,True
43,43_181,0,670,181,test,False
43,43_182,670,1410,182,test,False
43,43_183,1410,1740,183,test,False
43,43_184,1740,2440,184,test,False
43,43_185,2440,3300,185,test,False
43,43_186,3300,3920,186,test,False
43,43_187,3920,4220,187,test,False
43,43_188,4220,4970,188,test,False
43,43_189,4970,6830,189,test,False
43,43_190,6830,8443,190,test,False
44,44_191,0,380,191,val,False
44,44_192,380,1050,192,val,False
44,44_193,1050,1330,193,val,False
44,44_194,1330,1630,194,val,False
44,44_195,1630,3090,195,val,False
44,44_196,3090,5200,196,val,False
44,44_197,5200,5940,197,val,False
44,44_198,5940,7130,198,val,False
44,44_199,7130,10350,199,val,False
44,44_200,10350,12150,200,val,False
44,44_201,12150,14280,201,val,False
44,44_202,14280,14820,202,val,False
44,44_203,14820,17840,203,val,False
44,44_204,17840,22130,204,val,False
44,44_205,22130,23290,205,val,False
44,44_206,23290,24270,206,val,False
44,44_207,24270,25080,207,val,False
44,44_208,25080,26341,208,val,False
45,45_209,0,410,209,test,False
45,45_210,410,790,210,test,False
45,45_211,790,1440,211,test,False
45,45_212,1440,1790,212,test,False
45,45_213,1790,2910,213,test,False
45,45_214,2910,3860,214,test,False
45,45_215,3860,4610,215,test,False
45,45_216,4610,5420,216,test,False
45,45_217,5420,7590,217,test,False
45,45_218,7590,8470,218,test,False
45,45_219,8470,12940,219,test,False
45,45_220,12940,15130,220,test,False
45,45_221,15130,15810,221,test,False
45,45_222,15810,17142,222,test,False
46,46_223,0,700,223,train,True
46,46_224,700,1610,224,train,True
46,46_225,1610,1930,225,train,True
46,46_226,1930,2180,226,train,True
47,47_227,0,700,227,train,True
47,47_228,700,1610,228,train,True
47,47_229,1610,1930,229,train,True
47,47_230,1930,2176,230,train,True
48,48_231,0,450,231,train,True
48,48_232,450,910,232,train,True
48,48_233,910,1800,233,train,True
48,48_234,1800,2290,234,train,True
48,48_235,2290,2760,235,train,True
48,48_236,2760,3250,236,train,True
48,48_237,3250,3630,237,train,True
48,48_238,3630,4030,238,train,True
48,48_239,4030,4970,239,train,True
48,48_240,4970,5460,240,train,True
48,48_241,5460,5860,241,train,True
48,48_242,5860,6390,242,train,True
48,48_243,6390,6680,243,train,True
48,48_244,6680,7470,244,train,True
48,48_245,7470,7710,245,train,True
48,48_246,7710,7980,246,train,True
48,48_247,7980,8630,247,train,True
48,48_248,8630,9130,248,train,True
48,48_249,9130,9620,249,train,True
48,48_250,9620,10110,250,train,True
48,48_251,10110,10740,251,train,True
48,48_252,10740,11040,252,train,True
48,48_253,11040,11280,253,train,True
48,48_254,11280,11560,254,train,True
48,48_255,11560,12210,255,train,True
48,48_256,12210,12550,256,train,True
48,48_257,12550,12950,257,train,True
48,48_258,12950,13190,258,train,True
48,48_259,13190,13530,259,train,True
48,48_260,13530,14010,260,train,True
48,48_261,14010,14440,261,train,True
48,48_262,14440,14870,262,train,True
48,48_263,14870,15270,263,train,True
48,48_264,15270,15960,264,train,True
48,48_265,15960,16280,265,train,True
48,48_266,16280,16540,266,train,True
48,48_267,16540,16820,267,train,True
48,48_268,16820,17240,268,train,True
48,48_269,17240,17520,269,train,True
48,48_270,17520,17970,270,train,True
48,48_271,17970,18280,271,train,True
48,48_272,18280,18550,272,train,True
48,48_273,18550,19210,273,train,True
48,48_274,19210,19480,274,train,True
48,48_275,19480,20050,275,train,True
48,48_276,20050,20400,276,train,True
48,48_277,20400,20700,277,train,True
48,48_278,20700,21200,278,train,True
48,48_279,21200,21530,279,train,True
48,48_280,21530,21983,280,train,True
49,49_281,0,290,281,train,True
49,49_282,290,640,282,train,True
49,49_283,640,1290,283,train,True
49,49_284,1290,1680,284,train,True
49,49_285,1680,2360,285,train,True
49,49_286,2360,2630,286,train,True
49,49_287,2630,2990,287,train,True
49,49_288,2990,3670,288,train,True
49,49_289,3670,3920,289,train,True
49,49_290,3920,4600,290,train,True
49,49_291,4600,5330,291,train,True
49,49_292,5330,5700,292,train,True
49,49_293,5700,6180,293,train,True
49,49_294,6180,6650,294,train,True
49,49_295,6650,6970,295,train,True
49,49_296,6970,7550,296,train,True
49,49_297,7550,7890,297,train,True
49,49_298,7890,8400,298,train,True
49,49_299,8400,8890,299,train,True
49,49_300,8890,9470,300,train,True
49,49_301,9470,10250,301,train,True
49,49_302,10250,10816,302,train,True
50,50_303,0,290,303,train,True
50,50_304,290,640,304,train,True
50,50_305,640,1290,305,train,True
50,50_306,1290,1680,306,train,True
50,50_307,1680,2360,307,train,True
50,50_308,2360,2630,308,train,True
50,50_309,2630,2990,309,train,True
50,50_310,2990,3670,310,train,True
50,50_311,3670,3920,311,train,True
50,50_312,3920,4600,312,train,True
50,50_313,4600,5330,313,train,True
50,50_314,5330,5700,314,train,True
50,50_315,5700,6180,315,train,True
50,50_316,6180,6650,316,train,True
50,50_317,6650,6970,317,train,True
50,50_318,6970,7550,318,train,True
50,50_319,7550,7890,319,train,True
50,50_320,7890,8400,320,train,True
50,50_321,8400,9080,321,train,True
50,50_322,9080,9470,322,train,True
50,50_323,9470,10120,323,train,True
50,50_324,10120,10460,324,train,True
50,50_325,10460,10810,325,train,True
51,51_326,0,550,326,train,True
51,51_327,550,800,327,train,True
51,51_328,800,1490,328,train,True
51,51_329,1490,1730,329,train,True
51,51_330,1730,2100,330,train,True
51,51_331,2100,2400,331,train,True
51,51_332,2400,3040,332,train,True
51,51_333,3040,4000,333,train,True
51,51_334,4000,4640,334,train,True
51,51_335,4640,5050,335,train,True
51,51_336,5050,5290,336,train,True
51,51_337,5290,6261,337,train,True
52,52_338,0,270,338,train,True
52,52_339,270,690,339,train,True
52,52_340,690,970,340,train,True
52,52_341,970,1210,341,train,True
52,52_342,1210,1960,342,train,True
52,52_343,1960,2410,343,train,True
52,52_344,2410,3010,344,train,True
52,52_345,3010,3726,345,train,True
53,53_346,0,270,346,train,True
53,53_347,270,990,347,train,True
53,53_348,990,1230,348,train,True
53,53_349,1230,1960,349,train,True
53,53_350,1960,2410,350,train,True
53,53_351,2410,3010,351,train,True
53,53_352,3010,4140,352,train,True
53,53_353,4140,5000,353,train,True
53,53_354,5000,5400,354,train,True
53,53_355,5400,6850,355,train,True
53,53_356,6850,7670,356,train,True
53,53_357,7670,7970,357,train,True
53,53_358,7970,9610,358,train,True
53,53_359,9610,9870,359,train,True
53,53_360,9870,10810,360,train,True
53,53_361,10810,13030,361,train,True
53,53_362,13030,14400,362,train,True
53,53_363,14400,14820,363,train,True
53,53_364,14820,15550,364,train,True
53,53_365,15550,15790,365,train,True
53,53_366,15790,16170,366,train,True
53,53_367,16170,16490,367,train,True
53,53_368,16490,16830,368,train,True
53,53_369,16830,17380,369,train,True
53,53_370,17380,18030,370,train,True
53,53_371,18030,18770,371,train,True
53,53_372,18770,19010,372,train,True
53,53_373,19010,19500,373,train,True
53,53_374,19500,21070,374,train,True
53,53_375,21070,21800,375,train,True
53,53_376,21800,22860,376,train,True
53,53_377,22860,23100,377,train,True
53,53_378,23100,25780,378,train,True
53,53_379,25780,26700,379,train,True
53,53_380,26700,27130,380,train,True
53,53_381,27130,27460,381,train,True
53,53_382,27460,27870,382,train,True
53,53_383,27870,28680,383,train,True
53,53_384,28680,29360,384,train,True
53,53_385,29360,29860,385,train,True
53,53_386,29860,30800,386,train,True
53,53_387,30800,31040,387,train,True
53,53_388,31040,32442,388,train,True
54,54_389,0,480,389,val,False
54,54_390,480,1580,390,val,False
54,54_391,1580,2040,391,val,False
54,54_392,2040,2410,392,val,False
54,54_393,2410,2740,393,val,False
54,54_394,2740,3130,394,val,False
54,54_395,3130,3670,395,val,False
54,54_396,3670,4100,396,val,False
54,54_397,4100,4360,397,val,False
54,54_398,4360,5500,398,val,False
54,54_399,5500,6680,399,val,False
54,54_400,6680,6930,400,val,False
54,54_401,6930,7200,401,val,False
54,54_402,7200,7820,402,val,False
54,54_403,7820,8480,403,val,False
54,54_404,8480,10170,404,val,False
54,54_405,10170,10807,405,val,False
55,55_406,0,480,406,train,True
55,55_407,480,1580,407,train,True
55,55_408,1580,2040,408,train,True
55,55_409,2040,2410,409,train,True
55,55_410,2410,2740,410,train,True
55,55_411,2740,3130,411,train,True
55,55_412,3130,3670,412,train,True
55,55_413,3670,4100,413,train,True
55,55_414,4100,4360,414,train,True
55,55_415,4360,5500,415,train,True
55,55_416,5500,6680,416,train,True
55,55_417,6680,6930,417,train,True
55,55_418,6930,7200,418,train,True
55,55_419,7200,7820,419,train,True
55,55_420,7820,8480,420,train,True
55,55_421,8480,10170,421,train,True
55,55_422,10170,10807,422,train,True
56,56_423,0,600,423,test,False
56,56_424,600,1070,424,test,False
56,56_425,1070,1330,425,test,False
56,56_426,1330,1640,426,test,False
56,56_427,1640,2500,427,test,False
56,56_428,2500,2760,428,test,False
56,56_429,2760,3380,429,test,False
56,56_430,3380,3810,430,test,False
56,56_431,3810,4230,431,test,False
56,56_432,4230,4540,432,test,False
56,56_433,4540,5140,433,test,False
56,56_434,5140,5620,434,test,False
56,56_435,5620,5860,435,test,False
56,56_436,5860,6460,436,test,False
56,56_437,6460,6910,437,test,False
56,56_438,6910,7390,438,test,False
56,56_439,7390,8100,439,test,False
56,56_440,8100,8750,440,test,False
56,56_441,8750,9220,441,test,False
56,56_442,9220,9590,442,test,False
56,56_443,9590,10120,443,test,False
56,56_444,10120,10790,444,test,False
56,56_445,10790,11040,445,test,False
56,56_446,11040,11330,446,test,False
56,56_447,11330,11720,447,test,False
56,56_448,11720,12070,448,test,False
56,56_449,12070,12360,449,test,False
56,56_450,12360,12970,450,test,False
56,56_451,12970,14000,451,test,False
56,56_452,14000,14510,452,test,False
56,56_453,14510,14930,453,test,False
56,56_454,14930,15920,454,test,False
56,56_455,15920,16310,455,test,False
56,56_456,16310,16940,456,test,False
56,56_457,16940,17370,457,test,False
56,56_458,17370,18140,458,test,False
56,56_459,18140,18490,459,test,False
56,56_460,18490,18940,460,test,False
56,56_461,18940,19330,461,test,False
56,56_462,19330,19650,462,test,False
56,56_463,19650,19970,463,test,False
56,56_464,19970,20460,464,test,False
56,56_465,20460,21000,465,test,False
56,56_466,21000,21640,466,test,False
56,56_467,21640,22090,467,test,False
56,56_468,22090,22430,468,test,False
56,56_469,22430,22840,469,test,False
56,56_470,22840,23490,470,test,False
56,56_471,23490,23730,471,test,False
56,56_472,23730,24280,472,test,False
56,56_473,24280,24530,473,test,False
56,56_474,24530,24820,474,test,False
56,56_475,24820,25090,475,test,False
56,56_476,25090,25520,476,test,False
56,56_477,25520,26000,477,test,False
56,56_478,26000,26340,478,test,False
56,56_479,26340,26750,479,test,False
56,56_480,26750,27520,480,test,False
56,56_481,27520,27840,481,test,False
56,56_482,27840,28470,482,test,False
56,56_483,28470,29290,483,test,False
56,56_484,29290,29710,484,test,False
56,56_485,29710,30180,485,test,False
56,56_486,30180,30640,486,test,False
56,56_487,30640,31180,487,test,False
56,56_488,31180,31470,488,test,False
56,56_489,31470,31900,489,test,False
56,56_490,31900,32560,490,test,False
56,56_491,32560,32830,491,test,False
56,56_492,32830,33123,492,test,False
57,57_493,0,940,493,train,True
57,57_494,940,1430,494,train,True
57,57_495,1430,1680,495,train,True
57,57_496,1680,2320,496,train,True
57,57_497,2320,2700,497,train,True
57,57_498,2700,3060,498,train,True
57,57_499,3060,3670,499,train,True
57,57_500,3670,4220,500,train,True
57,57_501,4220,4620,501,train,True
57,57_502,4620,4940,502,train,True
57,57_503,4940,5590,503,train,True
57,57_504,5590,5840,504,train,True
57,57_505,5840,6280,505,train,True
57,57_506,6280,6870,506,train,True
57,57_507,6870,7250,507,train,True
57,57_508,7250,7650,508,train,True
57,57_509,7650,8140,509,train,True
57,57_510,8140,8580,510,train,True
57,57_511,8580,8940,511,train,True
57,57_512,8940,9460,512,train,True
57,57_513,9460,10210,513,train,True
57,57_514,10210,10530,514,train,True
57,57_515,10530,10770,515,train,True
57,57_516,10770,11010,516,train,True
57,57_517,11010,11320,517,train,True
57,57_518,11320,11830,518,train,True
57,57_519,11830,12070,519,train,True
57,57_520,12070,12330,520,train,True
57,57_521,12330,12600,521,train,True
57,57_522,12600,13240,522,train,True
57,57_523,13240,13890,523,train,True
57,57_524,13890,14403,524,train,True
58,58_525,0,400,525,val,False
58,58_526,400,740,526,val,False
58,58_527,740,1070,527,val,False
58,58_528,1070,1420,528,val,False
58,58_529,1420,1720,529,val,False
58,58_530,1720,2330,530,val,False
58,58_531,2330,2670,531,val,False
58,58_532,2670,3200,532,val,False
58,58_533,3200,3750,533,val,False
58,58_534,3750,4260,534,val,False
58,58_535,4260,4560,535,val,False
58,58_536,4560,5110,536,val,False
58,58_537,5110,5610,537,val,False
58,58_538,5610,5900,538,val,False
58,58_539,5900,6290,539,val,False
58,58_540,6290,6970,540,val,False
58,58_541,6970,7270,541,val,False
58,58_542,7270,7620,542,val,False
58,58_543,7620,7950,543,val,False
58,58_544,7950,8350,544,val,False
58,58_545,8350,8730,545,val,False
58,58_546,8730,9270,546,val,False
58,58_547,9270,9970,547,val,False
58,58_548,9970,10690,548,val,False
58,58_549,10690,11110,549,val,False
58,58_550,11110,11380,550,val,False
58,58_551,11380,11720,551,val,False
58,58_552,11720,12160,552,val,False
58,58_553,12160,12430,553,val,False
58,58_554,12430,12670,554,val,False
58,58_555,12670,13260,555,val,False
58,58_556,13260,13850,556,val,False
58,58_557,13850,14090,557,val,False
58,58_558,14090,14750,558,val,False
58,58_559,14750,15180,559,val,False
58,58_560,15180,15470,560,val,False
58,58_561,15470,16200,561,val,False
58,58_562,16200,16560,562,val,False
58,58_563,16560,16810,563,val,False
58,58_564,16810,17090,564,val,False
58,58_565,17090,17500,565,val,False
58,58_566,17500,17970,566,val,False
58,58_567,17970,18520,567,val,False
58,58_568,18520,18830,568,val,False
58,58_569,18830,19230,569,val,False
58,58_570,19230,19610,570,val,False
58,58_571,19610,20070,571,val,False
58,58_572,20070,20430,572,val,False
58,58_573,20430,20710,573,val,False
58,58_574,20710,21050,574,val,False
58,58_575,21050,21410,575,val,False
58,58_576,21410,21730,576,val,False
58,58_577,21730,22190,577,val,False
58,58_578,22190,22440,578,val,False
58,58_579,22440,22990,579,val,False
58,58_580,22990,23670,580,val,False
58,58_581,23670,24120,581,val,False
58,58_582,24120,24570,582,val,False
58,58_583,24570,24950,583,val,False
58,58_584,24950,25320,584,val,False
58,58_585,25320,25570,585,val,False
58,58_586,25570,26020,586,val,False
58,58_587,26020,26580,587,val,False
58,58_588,26580,26860,588,val,False
58,58_589,26860,27830,589,val,False
58,58_590,27830,28250,590,val,False
58,58_591,28250,29030,591,val,False
58,58_592,29030,29360,592,val,False
58,58_593,29360,29720,593,val,False
58,58_594,29720,30260,594,val,False
58,58_595,30260,30560,595,val,False
58,58_596,30560,31170,596,val,False
58,58_597,31170,31600,597,val,False
58,58_598,31600,32430,598,val,False
58,58_599,32430,32920,599,val,False
58,58_600,32920,33382,600,val,False
59,59_601,0,310,601,test,False
59,59_602,310,700,602,test,False
59,59_603,700,940,603,test,False
59,59_604,940,1880,604,test,False
59,59_605,1880,2130,605,test,False
59,59_606,2130,3370,606,test,False
59,59_607,3370,4240,607,test,False
59,59_608,4240,4780,608,test,False
59,59_609,4780,5070,609,test,False
59,59_610,5070,5380,610,test,False
59,59_611,5380,5750,611,test,False
59,59_612,5750,6000,612,test,False
59,59_613,6000,6480,613,test,False
59,59_614,6480,6830,614,test,False
59,59_615,6830,7100,615,test,False
59,59_616,7100,7475,616,test,False
60,60_617,0,240,617,train,True
60,60_618,240,890,618,train,True
60,60_619,890,1220,619,train,True
60,60_620,1220,1460,620,train,True
60,60_621,1460,3040,621,train,True
60,60_622,3040,4000,622,train,True
60,60_623,4000,4260,623,train,True
60,60_624,4260,5070,624,train,True
60,60_625,5070,5430,625,train,True
60,60_626,5430,9240,626,train,True
60,60_627,9240,9860,627,train,True
60,60_628,9860,10190,628,train,True
60,60_629,10190,10430,629,train,True
60,60_630,10430,12020,630,train,True
60,60_631,12020,12970,631,train,True
60,60_632,12970,13230,632,train,True
60,60_633,13230,14040,633,train,True
60,60_634,14040,14543,634,train,True
61,61_635,0,710,635,train,True
61,61_636,710,1030,636,train,True
61,61_637,1030,1270,637,train,True
61,61_638,1270,1640,638,train,True
61,61_639,1640,2060,639,train,True
61,61_640,2060,2580,640,train,True
61,61_641,2580,2820,641,train,True
61,61_642,2820,3090,642,train,True
61,61_643,3090,3360,643,train,True
61,61_644,3360,4120,644,train,True
61,61_645,4120,4710,645,train,True
61,61_646,4710,5430,646,train,True
61,61_647,5430,9110,647,train,True
61,61_648,9110,9820,648,train,True
61,61_649,9820,10140,649,train,True
61,61_650,10140,10860,650,train,True
61,61_651,10860,11170,651,train,True
61,61_652,11170,11680,652,train,True
61,61_653,11680,11930,653,train,True
61,61_654,11930,12200,654,train,True
61,61_655,12200,12470,655,train,True
61,61_656,12470,13220,656,train,True
61,61_657,13220,13820,657,train,True
61,61_658,13820,14516,658,train,True
62,62_659,0,450,659,train,True
62,62_660,450,1560,660,train,True
62,62_661,1560,1820,661,train,True
62,62_662,1820,2160,662,train,True
62,62_663,2160,2580,663,train,True
62,62_664,2580,2820,664,train,True
62,62_665,2820,3290,665,train,True
62,62_666,3290,4410,666,train,True
62,62_667,4410,4720,667,train,True
62,62_668,4720,5380,668,train,True
62,62_669,5380,5820,669,train,True
62,62_670,5820,6100,670,train,True
62,62_671,6100,6460,671,train,True
62,62_672,6460,6880,672,train,True
62,62_673,6880,7250,673,train,True
62,62_674,7250,25600,674,train,True
63,63_675,0,420,675,train,True
63,63_676,420,1490,676,train,True
63,63_677,1490,2510,677,train,True
63,63_678,2510,2920,678,train,True
63,63_679,2920,4160,679,train,True
63,63_680,4160,4730,680,train,True
63,63_681,4730,5060,681,train,True
63,63_682,5060,5420,682,train,True
63,63_683,5420,10800,683,train,True
63,63_684,10800,11050,684,train,True
63,63_685,11050,11370,685,train,True
63,63_686,11370,11650,686,train,True
63,63_687,11650,12320,687,train,True
63,63_688,12320,12670,688,train,True
63,63_689,12670,13660,689,train,True
63,63_690,13660,13940,690,train,True
63,63_691,13940,14360,691,train,True
63,63_692,14360,14630,692,train,True
63,63_693,14630,14900,693,train,True
63,63_694,14900,15200,694,train,True
63,63_695,15200,15460,695,train,True
63,63_696,15460,15820,696,train,True
63,63_697,15820,16290,697,train,True
63,63_698,16290,16668,698,train,True
64,64_699,0,420,699,train,True
64,64_700,420,1490,700,train,True
64,64_701,1490,2510,701,train,True
64,64_702,2510,2920,702,train,True
64,64_703,2920,4160,703,train,True
64,64_704,4160,4730,704,train,True
64,64_705,4730,5060,705,train,True
64,64_706,5060,5420,706,train,True
64,64_707,5420,6250,707,train,True
65,65_708,0,1120,708,test,False
65,65_709,1120,2100,709,test,False
65,65_710,2100,2340,710,test,False
65,65_711,2340,3480,711,test,False
65,65_712,3480,3950,712,test,False
65,65_713,3950,4230,713,test,False
65,65_714,4230,4640,714,test,False
65,65_715,4640,5310,715,test,False
65,65_716,5310,5790,716,test,False
65,65_717,5790,6300,717,test,False
65,65_718,6300,7380,718,test,False
65,65_719,7380,7800,719,test,False
65,65_720,7800,8820,720,test,False
65,65_721,8820,9740,721,test,False
65,65_722,9740,10040,722,test,False
65,65_723,10040,10430,723,test,False
65,65_724,10430,10780,724,test,False
65,65_725,10780,11580,725,test,False
65,65_726,11580,11930,726,test,False
65,65_727,11930,12220,727,test,False
65,65_728,12220,12750,728,test,False
65,65_729,12750,13320,729,test,False
65,65_730,13320,13900,730,test,False
65,65_731,13900,14290,731,test,False
65,65_732,14290,28810,732,test,False
65,65_733,28810,29460,733,test,False
65,65_734,29460,29860,734,test,False
65,65_735,29860,30120,735,test,False
65,65_736,30120,30940,736,test,False
65,65_737,30940,31180,737,test,False
65,65_738,31180,31740,738,test,False
65,65_739,31740,33080,739,test,False
65,65_740,33080,33570,740,test,False
65,65_741,33570,34080,741,test,False
65,65_742,34080,34530,742,test,False
65,65_743,34530,34810,743,test,False
65,65_744,34810,35310,744,test,False
65,65_745,35310,35550,745,test,False
65,65_746,35550,36160,746,test,False
65,65_747,36160,36790,747,test,False
65,65_748,36790,37030,748,test,False
65,65_749,37030,37830,749,test,False
65,65_750,37830,38340,750,test,False
65,65_751,38340,38660,751,test,False
65,65_752,38660,39000,752,test,False
65,65_753,39000,39280,753,test,False
65,65_754,39280,39580,754,test,False
65,65_755,39580,40094,755,test,False
66,66_756,0,1400,756,train,True
66,66_757,1400,1900,757,train,True
66,66_758,1900,2710,758,train,True
66,66_759,2710,3000,759,train,True
66,66_760,3000,3420,760,train,True
66,66_761,3420,3660,761,train,True
66,66_762,3660,5330,762,train,True
66,66_763,5330,19800,763,train,True
66,66_764,19800,20530,764,train,True
66,66_765,20530,21130,765,train,True
66,66_766,21130,21690,766,train,True
66,66_767,21690,22290,767,train,True
66,66_768,22290,22630,768,train,True
66,66_769,22630,22910,769,train,True
66,66_770,22910,23300,770,train,True
66,66_771,23300,23740,771,train,True
66,66_772,23740,24690,772,train,True
66,66_773,24690,25230,773,train,True
66,66_774,25230,25520,774,train,True
66,66_775,25520,26250,775,train,True
66,66_776,26250,26520,776,train,True
66,66_777,26520,27310,777,train,True
66,66_778,27310,27780,778,train,True
66,66_779,27780,28260,779,train,True
66,66_780,28260,28620,780,train,True
66,66_781,28620,29440,781,train,True
66,66_782,29440,29680,782,train,True
66,66_783,29680,30110,783,train,True
66,66_784,30110,30550,784,train,True
66,66_785,30550,31490,785,train,True
66,66_786,31490,31810,786,train,True
66,66_787,31810,32110,787,train,True
66,66_788,32110,32460,788,train,True
66,66_789,32460,32820,789,train,True
66,66_790,32820,33200,790,train,True
66,66_791,33200,34300,791,train,True
66,66_792,34300,36476,792,train,True
67,67_793,0,450,793,val,False
67,67_794,450,1560,794,val,False
67,67_795,1560,1820,795,val,False
67,67_796,1820,2160,796,val,False
67,67_797,2160,2580,797,val,False
67,67_798,2580,2820,798,val,False
67,67_799,2820,3290,799,val,False
67,67_800,3290,4410,800,val,False
67,67_801,4410,4720,801,val,False
67,67_802,4720,5380,802,val,False
67,67_803,5380,5820,803,val,False
67,67_804,5820,6120,804,val,False
67,67_805,6120,6460,805,val,False
67,67_806,6460,6880,806,val,False
67,67_807,6880,7270,807,val,False
67,67_808,7270,11135,808,val,False
68,68_809,0,280,809,train,True
68,68_810,280,520,810,train,True
68,68_811,520,1260,811,train,True
68,68_812,1260,1600,812,train,True
68,68_813,1600,2250,813,train,True
68,68_814,2250,2520,814,train,True
68,68_815,2520,2830,815,train,True
68,68_816,2830,3080,816,train,True
68,68_817,3080,4030,817,train,True
68,68_818,4030,4520,818,train,True
68,68_819,4520,5530,819,train,True
68,68_820,5530,5790,820,train,True
68,68_821,5790,6330,821,train,True
68,68_822,6330,7850,822,train,True
68,68_823,7850,8150,823,train,True
68,68_824,8150,8820,824,train,True
68,68_825,8820,9150,825,train,True
68,68_826,9150,9560,826,train,True
68,68_827,9560,10380,827,train,True
68,68_828,10380,11100,828,train,True
68,68_829,11100,11350,829,train,True
68,68_830,11350,12050,830,train,True
68,68_831,12050,12530,831,train,True
68,68_832,12530,13120,832,train,True
68,68_833,13120,13360,833,train,True
68,68_834,13360,14310,834,train,True
68,68_835,14310,15340,835,train,True
68,68_836,15340,15610,836,train,True
68,68_837,15610,16420,837,train,True
68,68_838,16420,16880,838,train,True
68,68_839,16880,17620,839,train,True
68,68_840,17620,17970,840,train,True
68,68_841,17970,19180,841,train,True
68,68_842,19180,21370,842,train,True
68,68_843,21370,21710,843,train,True
68,68_844,21710,23331,844,train,True
69,69_845,0,700,845,val,False
69,69_846,700,1520,846,val,False
69,69_847,1520,1780,847,val,False
69,69_848,1780,4350,848,val,False
69,69_849,4350,5000,849,val,False
69,69_850,5000,5900,850,val,False
69,69_851,5900,6200,851,val,False
69,69_852,6200,6450,852,val,False
69,69_853,6450,6870,853,val,False
69,69_854,6870,7690,854,val,False
69,69_855,7690,7930,855,val,False
69,69_856,7930,8380,856,val,False
69,69_857,8380,9020,857,val,False
69,69_858,9020,9300,858,val,False
69,69_859,9300,9790,859,val,False
69,69_860,9790,13010,860,val,False
69,69_861,13010,13250,861,val,False
69,69_862,13250,14410,862,val,False
69,69_863,14410,15350,863,val,False
70,70_864,0,1620,864,train,True
70,70_865,1620,1860,865,train,True
70,70_866,1860,2240,866,train,True
70,70_867,2240,2590,867,train,True
70,70_868,2590,3040,868,train,True
70,70_869,3040,3650,869,train,True
70,70_870,3650,3940,870,train,True
70,70_871,3940,4180,871,train,True
70,70_872,4180,5540,872,train,True
70,70_873,5540,5890,873,train,True
70,70_874,5890,6370,874,train,True
70,70_875,6370,6950,875,train,True
70,70_876,6950,8120,876,train,True
70,70_877,8120,15370,877,train,True
70,70_878,15370,15610,878,train,True
70,70_879,15610,16220,879,train,True
70,70_880,16220,16590,880,train,True
70,70_881,16590,17130,881,train,True
70,70_882,17130,18500,882,train,True
70,70_883,18500,18850,883,train,True
70,70_884,18850,19810,884,train,True
70,70_885,19810,21590,885,train,True
70,70_886,21590,25677,886,train,True
71,71_887,0,300,887,val,False
71,71_888,300,1840,888,val,False
71,71_889,1840,2160,889,val,False
71,71_890,2160,4800,890,val,False
71,71_891,4800,5270,891,val,False
71,71_892,5270,5630,892,val,False
71,71_893,5630,5970,893,val,False
71,71_894,5970,6600,894,val,False
71,71_895,6600,7410,895,val,False
71,71_896,7410,7830,896,val,False
71,71_897,7830,8890,897,val,False
71,71_898,8890,9200,898,val,False
71,71_899,9200,9950,899,val,False
71,71_900,9950,10690,900,val,False
71,71_901,10690,10930,901,val,False
71,71_902,10930,11640,902,val,False
71,71_903,11640,12110,903,val,False
71,71_904,12110,13760,904,val,False
71,71_905,13760,14000,905,val,False
71,71_906,14000,14240,906,val,False
71,71_907,14240,14656,907,val,False
72,72_908,0,250,908,train,True
72,72_909,250,1870,909,train,True
72,72_910,1870,2530,910,train,True
72,72_911,2530,2920,911,train,True
72,72_912,2920,3230,912,train,True
72,72_913,3230,3580,913,train,True
72,72_914,3580,3850,914,train,True
72,72_915,3850,4740,915,train,True
72,72_916,4740,5100,916,train,True
72,72_917,5100,5510,917,train,True
72,72_918,5510,6080,918,train,True
72,72_919,6080,7750,919,train,True
72,72_920,7750,8210,920,train,True
72,72_921,8210,9800,921,train,True
72,72_922,9800,14410,922,train,True
72,72_923,14410,14990,923,train,True
72,72_924,14990,15301,924,train,True
73,73_925,0,310,925,train,True
73,73_926,310,1760,926,train,True
73,73_927,1760,2170,927,train,True
73,73_928,2170,2650,928,train,True
73,73_929,2650,3160,929,train,True
73,73_930,3160,3460,930,train,True
73,73_931,3460,4280,931,train,True
73,73_932,4280,4810,932,train,True
73,73_933,4810,5110,933,train,True
73,73_934,5110,7090,934,train,True
73,73_935,7090,7450,935,train,True
73,73_936,7450,7690,936,train,True
73,73_937,7690,8140,937,train,True
73,73_938,8140,8420,938,train,True
73,73_939,8420,8670,939,train,True
73,73_940,8670,9080,940,train,True
73,73_941,9080,9840,941,train,True
73,73_942,9840,10080,942,train,True
73,73_943,10080,10970,943,train,True
73,73_944,10970,11210,944,train,True
73,73_945,11210,11570,945,train,True
73,73_946,11570,12030,946,train,True
73,73_947,12030,12480,947,train,True
73,73_948,12480,13290,948,train,True
73,73_949,13290,13550,949,train,True
73,73_950,13550,13800,950,train,True
73,73_951,13800,14150,951,train,True
73,73_952,14150,14420,952,train,True
73,73_953,14420,16786,953,train,True
74,74_954,0,250,954,train,True
74,74_955,250,670,955,train,True
74,74_956,670,1290,956,train,True
74,74_957,1290,1760,957,train,True
74,74_958,1760,2230,958,train,True
74,74_959,2230,2660,959,train,True
74,74_960,2660,3200,960,train,True
74,74_961,3200,3450,961,train,True
74,74_962,3450,3690,962,train,True
74,74_963,3690,4230,963,train,True
74,74_964,4230,4610,964,train,True
74,74_965,4610,5390,965,train,True
74,74_966,5390,5760,966,train,True
74,74_967,5760,8500,967,train,True
74,74_968,8500,9010,968,train,True
74,74_969,9010,9330,969,train,True
74,74_970,9330,11020,970,train,True
74,74_971,11020,11780,971,train,True
74,74_972,11780,12430,972,train,True
74,74_973,12430,14280,973,train,True
74,74_974,14280,14670,974,train,True
74,74_975,14670,15150,975,train,True
74,74_976,15150,15440,976,train,True
74,74_977,15440,16250,977,train,True
74,74_978,16250,16570,978,train,True
74,74_979,16570,17320,979,train,True
74,74_980,17320,19540,980,train,True
74,74_981,19540,19890,981,train,True
74,74_982,19890,20270,982,train,True
74,74_983,20270,20580,983,train,True
74,74_984,20580,20940,984,train,True
74,74_985,20940,21350,985,train,True
74,74_986,21350,22440,986,train,True
74,74_987,22440,23761,987,train,True
75,75_988,0,350,988,val,False
75,75_989,350,830,989,val,False
75,75_990,830,1290,990,val,False
75,75_991,1290,1830,991,val,False
75,75_992,1830,2440,992,val,False
75,75_993,2440,2960,993,val,False
75,75_994,2960,3910,994,val,False
75,75_995,3910,5740,995,val,False
75,75_996,5740,8730,996,val,False
75,75_997,8730,9050,997,val,False
75,75_998,9050,9500,998,val,False
75,75_999,9500,11920,999,val,False
75,75_1000,11920,12190,1000,val,False
75,75_1001,12190,12560,1001,val,False
75,75_1002,12560,13472,1002,val,False
76,76_1003,0,410,1003,train,True
76,76_1004,410,950,1004,train,True
76,76_1005,950,1390,1005,train,True
76,76_1006,1390,1780,1006,train,True
76,76_1007,1780,3370,1007,train,True
76,76_1008,3370,3660,1008,train,True
76,76_1009,3660,4050,1009,train,True
76,76_1010,4050,6450,1010,train,True
76,76_1011,6450,7090,1011,train,True
76,76_1012,7090,7530,1012,train,True
76,76_1013,7530,8410,1013,train,True
76,76_1014,8410,10640,1014,train,True
76,76_1015,10640,11040,1015,train,True
76,76_1016,11040,11790,1016,train,True
76,76_1017,11790,12570,1017,train,True
76,76_1018,12570,14770,1018,train,True
76,76_1019,14770,15070,1019,train,True
76,76_1020,15070,15480,1020,train,True
76,76_1021,15480,16490,1021,train,True
76,76_1022,16490,16820,1022,train,True
76,76_1023,16820,19000,1023,train,True
76,76_1024,19000,20140,1024,train,True
76,76_1025,20140,20390,1025,train,True
76,76_1026,20390,21100,1026,train,True
76,76_1027,21100,22188,1027,train,True
78,78_1028,0,710,1028,train,True
78,78_1029,710,1590,1029,train,True
78,78_1030,1590,1910,1030,train,True
78,78_1031,1910,2380,1031,train,True
78,78_1032,2380,2950,1032,train,True
78,78_1033,2950,3910,1033,train,True
78,78_1034,3910,4610,1034,train,True
78,78_1035,4610,4940,1035,train,True
78,78_1036,4940,6810,1036,train,True
78,78_1037,6810,7230,1037,train,True
78,78_1038,7230,8445,1038,train,True
79,79_1039,0,350,1039,train,True
79,79_1040,350,670,1040,train,True
79,79_1041,670,1560,1041,train,True
79,79_1042,1560,1820,1042,train,True
79,79_1043,1820,2160,1043,train,True
79,79_1044,2160,2580,1044,train,True
79,79_1045,2580,2820,1045,train,True
79,79_1046,2820,3290,1046,train,True
79,79_1047,3290,4430,1047,train,True
79,79_1048,4430,6920,1048,train,True
79,79_1049,6920,7770,1049,train,True
79,79_1050,7770,8260,1050,train,True
79,79_1051,8260,8670,1051,train,True
79,79_1052,8670,9100,1052,train,True
79,79_1053,9100,11280,1053,train,True
79,79_1054,11280,12100,1054,train,True
79,79_1055,12100,12670,1055,train,True
79,79_1056,12670,12910,1056,train,True
79,79_1057,12910,13730,1057,train,True
79,79_1058,13730,13990,1058,train,True
79,79_1059,13990,15020,1059,train,True
79,79_1060,15020,16890,1060,train,True
79,79_1061,16890,17270,1061,train,True
79,79_1062,17270,17610,1062,train,True
79,79_1063,17610,19940,1063,train,True
79,79_1064,19940,21840,1064,train,True
79,79_1065,21840,22310,1065,train,True
79,79_1066,22310,22910,1066,train,True
79,79_1067,22910,24130,1067,train,True
79,79_1068,24130,24450,1068,train,True
79,79_1069,24450,26430,1069,train,True
79,79_1070,26430,26810,1070,train,True
79,79_1071,26810,27100,1071,train,True
79,79_1072,27100,27370,1072,train,True
79,79_1073,27370,27920,1073,train,True
79,79_1074,27920,28770,1074,train,True
79,79_1075,28770,31154,1075,train,True
80,80_1076,0,490,1076,train,True
80,80_1077,490,1380,1077,train,True
80,80_1078,1380,1700,1078,train,True
80,80_1079,1700,3660,1079,train,True
80,80_1080,3660,4330,1080,train,True
80,80_1081,4330,7420,1081,train,True
80,80_1082,7420,7660,1082,train,True
80,80_1083,7660,8560,1083,train,True
80,80_1084,8560,10300,1084,train,True
80,80_1085,10300,10660,1085,train,True
80,80_1086,10660,12150,1086,train,True
80,80_1087,12150,12400,1087,train,True
80,80_1088,12400,13600,1088,train,True
80,80_1089,13600,14530,1089,train,True
80,80_1090,14530,15200,1090,train,True
80,80_1091,15200,15440,1091,train,True
80,80_1092,15440,15700,1092,train,True
80,80_1093,15700,15940,1093,train,True
80,80_1094,15940,16380,1094,train,True
80,80_1095,16380,16720,1095,train,True
80,80_1096,16720,17000,1096,train,True
80,80_1097,17000,17570,1097,train,True
80,80_1098,17570,19170,1098,train,True
80,80_1099,19170,19430,1099,train,True
80,80_1100,19430,20340,1100,train,True
80,80_1101,20340,21160,1101,train,True
80,80_1102,21160,21540,1102,train,True
80,80_1103,21540,23824,1103,train,True
81,81_1104,0,700,1104,train,True
81,81_1105,700,1330,1105,train,True
81,81_1106,1330,1740,1106,train,True
81,81_1107,1740,2040,1107,train,True
81,81_1108,2040,2940,1108,train,True
81,81_1109,2940,4900,1109,train,True
81,81_1110,4900,5140,1110,train,True
81,81_1111,5140,5540,1111,train,True
81,81_1112,5540,5880,1112,train,True
81,81_1113,5880,6120,1113,train,True
81,81_1114,6120,6460,1114,train,True
81,81_1115,6460,6880,1115,train,True
81,81_1116,6880,7230,1116,train,True
81,81_1117,7230,17672,1117,train,True
