Model,Dataset,profile_id,n_test,MSE,RMSE,MAE,R2,linf
OLS,REAL_ONLY,2,19297,95.087,9.751,7.587,-0.6741,21.8
OLS,REAL_ONLY,6,40328,28.834,5.37,4.277,0.8512,19.55
OLS,REAL_ONLY,12,21882,39.373,6.275,5.72,-0.0026,11.42
OLS,REAL_ONLY,14,18538,33.193,5.761,4.767,0.6228,18.68
OLS,REAL_ONLY,20,43911,34.769,5.897,4.364,0.9044,15.82
OLS,REAL_ONLY,26,16606,31.381,5.602,3.29,0.942,28.69
OLS,REAL_ONLY,43,8383,46.567,6.824,4.86,0.5494,18.64
OLS,REAL_ONLY,45,17082,48.425,6.959,4.836,0.7619,21.42
OLS,REAL_ONLY,56,33063,44.31,6.657,5.338,0.6338,16.38
OLS,REAL_ONLY,59,7415,30.043,5.481,4.091,0.7431,16.55
OLS,REAL_ONLY,65,40034,22.085,4.7,3.821,0.9039,19.25
WLS,REAL_ONLY,2,19297,98.188,9.909,7.889,-0.7287,21.61
WLS,REAL_ONLY,6,40328,25.145,5.014,3.898,0.8702,21.43
WLS,REAL_ONLY,12,21882,30.536,5.526,5.086,0.2224,13.21
WLS,REAL_ONLY,14,18538,29.187,5.402,4.178,0.6683,20.34
WLS,REAL_ONLY,20,43911,31.2,5.586,4.056,0.9142,15.66
WLS,REAL_ONLY,26,16606,36.702,6.058,3.379,0.9322,31.17
WLS,REAL_ONLY,43,8383,47.332,6.88,4.873,0.542,19.07
WLS,REAL_ONLY,45,17082,52.253,7.229,4.929,0.7431,22.31
WLS,REAL_ONLY,56,33063,35.172,5.931,4.873,0.7093,15.05
WLS,REAL_ONLY,59,7415,28.914,5.377,3.956,0.7527,17.39
WLS,REAL_ONLY,65,40034,21.262,4.611,3.681,0.9075,21.91
HistGB,REAL_ONLY,2,19297,84.568,9.196,6.95,-0.4889,21.79
HistGB,REAL_ONLY,6,40328,32.417,5.694,4.823,0.8327,15.19
HistGB,REAL_ONLY,12,21882,3.478,1.865,1.358,0.9114,11.91
HistGB,REAL_ONLY,14,18538,56.729,7.532,5.64,0.3553,25.75
HistGB,REAL_ONLY,20,43911,31.721,5.632,4.718,0.9127,18.21
HistGB,REAL_ONLY,26,16606,15.939,3.992,2.574,0.9705,30.41
HistGB,REAL_ONLY,43,8383,89.88,9.481,6.479,0.1302,31.95
HistGB,REAL_ONLY,45,17082,64.318,8.02,6.245,0.6838,21.9
HistGB,REAL_ONLY,56,33063,62.54,7.908,6.852,0.4831,19.71
HistGB,REAL_ONLY,59,7415,64.129,8.008,6.513,0.4516,23.63
HistGB,REAL_ONLY,65,40034,16.288,4.036,2.899,0.9291,13.34
OLS,GLOBAL_AUG,2,19297,99.93,9.996,7.996,-0.7593,22.07
OLS,GLOBAL_AUG,6,40328,27.59,5.253,4.128,0.8576,19.52
OLS,GLOBAL_AUG,12,21882,26.347,5.133,4.561,0.3291,12.39
OLS,GLOBAL_AUG,14,18538,30.437,5.517,4.559,0.6541,18.46
OLS,GLOBAL_AUG,20,43911,31.878,5.646,4.165,0.9123,16.17
OLS,GLOBAL_AUG,26,16606,29.524,5.434,3.277,0.9454,26.56
OLS,GLOBAL_AUG,43,8383,37.104,6.091,4.021,0.6409,17.93
OLS,GLOBAL_AUG,45,17082,40.176,6.338,4.442,0.8025,20.23
OLS,GLOBAL_AUG,56,33063,44.54,6.674,5.393,0.6319,16.55
OLS,GLOBAL_AUG,59,7415,23.938,4.893,3.626,0.7953,17.71
OLS,GLOBAL_AUG,65,40034,20.805,4.561,3.625,0.9095,14.86
WLS,GLOBAL_AUG,2,19297,97.228,9.86,8.033,-0.7118,21.38
WLS,GLOBAL_AUG,6,40328,25.802,5.08,4.028,0.8668,21.08
WLS,GLOBAL_AUG,12,21882,21.864,4.676,4.106,0.4432,14.1
WLS,GLOBAL_AUG,14,18538,27.136,5.209,4.108,0.6916,20.08
WLS,GLOBAL_AUG,20,43911,29.612,5.442,3.978,0.9185,15.94
WLS,GLOBAL_AUG,26,16606,33.201,5.762,3.242,0.9387,28.99
WLS,GLOBAL_AUG,43,8383,37.979,6.163,4.052,0.6325,18.17
WLS,GLOBAL_AUG,45,17082,43.992,6.633,4.697,0.7837,21.02
WLS,GLOBAL_AUG,56,33063,36.322,6.027,5.014,0.6998,15.46
WLS,GLOBAL_AUG,59,7415,23.176,4.814,3.519,0.8018,18.25
WLS,GLOBAL_AUG,65,40034,20.248,4.5,3.549,0.9119,16.26
HistGB,GLOBAL_AUG,2,19297,46.879,6.847,5.307,0.1747,16.95
HistGB,GLOBAL_AUG,6,40328,82.446,9.08,6.854,0.5744,23.99
HistGB,GLOBAL_AUG,12,21882,3.916,1.979,1.687,0.9003,7.99
HistGB,GLOBAL_AUG,14,18538,54.845,7.406,5.97,0.3767,25.66
HistGB,GLOBAL_AUG,20,43911,25.507,5.05,3.903,0.9298,17.24
HistGB,GLOBAL_AUG,26,16606,9.697,3.114,2.416,0.9821,11.64
HistGB,GLOBAL_AUG,43,8383,78.861,8.88,6.43,0.2369,28.47
HistGB,GLOBAL_AUG,45,17082,60.151,7.756,6.397,0.7042,20.48
HistGB,GLOBAL_AUG,56,33063,53.97,7.346,6.069,0.554,18.66
HistGB,GLOBAL_AUG,59,7415,47.297,6.877,5.683,0.5955,24.68
HistGB,GLOBAL_AUG,65,40034,14.993,3.872,2.781,0.9348,14.22
OLS,CLUSTER_AWARE_CLASSICAL,2,19297,94.947,9.744,7.835,-0.6716,21.23
OLS,CLUSTER_AWARE_CLASSICAL,6,40328,25.81,5.08,4.028,0.8668,20.25
OLS,CLUSTER_AWARE_CLASSICAL,12,21882,18.775,4.333,3.898,0.5219,13.96
OLS,CLUSTER_AWARE_CLASSICAL,14,18538,24.644,4.964,3.923,0.7199,18.49
OLS,CLUSTER_AWARE_CLASSICAL,20,43911,30.381,5.512,4.023,0.9164,15.1
OLS,CLUSTER_AWARE_CLASSICAL,26,16606,34.731,5.893,3.646,0.9358,28.03
OLS,CLUSTER_AWARE_CLASSICAL,43,8383,43.567,6.601,4.249,0.5784,18.6
OLS,CLUSTER_AWARE_CLASSICAL,45,17082,40.684,6.378,4.252,0.8,20.63
OLS,CLUSTER_AWARE_CLASSICAL,56,33063,42.459,6.516,5.166,0.6491,16.92
OLS,CLUSTER_AWARE_CLASSICAL,59,7415,34.386,5.864,4.263,0.7059,18.8
OLS,CLUSTER_AWARE_CLASSICAL,65,40034,17.962,4.238,3.336,0.9218,15.83
WLS,CLUSTER_AWARE_CLASSICAL,2,19297,97.435,9.871,8.095,-0.7154,21.02
WLS,CLUSTER_AWARE_CLASSICAL,6,40328,22.599,4.754,3.676,0.8834,21.99
WLS,CLUSTER_AWARE_CLASSICAL,12,21882,16.846,4.104,3.5,0.571,15.7
WLS,CLUSTER_AWARE_CLASSICAL,14,18538,22.802,4.775,3.529,0.7409,20.02
WLS,CLUSTER_AWARE_CLASSICAL,20,43911,28.381,5.327,3.857,0.9219,15.6
WLS,CLUSTER_AWARE_CLASSICAL,26,16606,38.871,6.235,3.663,0.9282,30.33
WLS,CLUSTER_AWARE_CLASSICAL,43,8383,44.875,6.699,4.36,0.5657,18.82
WLS,CLUSTER_AWARE_CLASSICAL,45,17082,44.629,6.68,4.361,0.7806,21.27
WLS,CLUSTER_AWARE_CLASSICAL,56,33063,32.757,5.723,4.647,0.7293,14.95
WLS,CLUSTER_AWARE_CLASSICAL,59,7415,33.368,5.776,4.056,0.7146,19.6
WLS,CLUSTER_AWARE_CLASSICAL,65,40034,17.552,4.19,3.275,0.9236,17.34
HistGB,CLUSTER_AWARE_CLASSICAL,2,19297,60.126,7.754,5.899,-0.0585,17.23
HistGB,CLUSTER_AWARE_CLASSICAL,6,40328,42.126,6.49,5.481,0.7826,16.42
HistGB,CLUSTER_AWARE_CLASSICAL,12,21882,5.339,2.311,1.529,0.864,10.3
HistGB,CLUSTER_AWARE_CLASSICAL,14,18538,45.004,6.708,4.951,0.4886,20.33
HistGB,CLUSTER_AWARE_CLASSICAL,20,43911,30.668,5.538,4.756,0.9156,17.65
HistGB,CLUSTER_AWARE_CLASSICAL,26,16606,14.79,3.846,3.056,0.9727,12.85
HistGB,CLUSTER_AWARE_CLASSICAL,43,8383,89.922,9.483,7.676,0.1298,26.63
HistGB,CLUSTER_AWARE_CLASSICAL,45,17082,71.106,8.432,6.704,0.6504,23.16
HistGB,CLUSTER_AWARE_CLASSICAL,56,33063,81.839,9.047,7.668,0.3237,21.53
HistGB,CLUSTER_AWARE_CLASSICAL,59,7415,55.23,7.432,5.761,0.5277,22.54
HistGB,CLUSTER_AWARE_CLASSICAL,65,40034,17.163,4.143,3.064,0.9253,14.6
OLS,GLOBAL_GAN,2,19297,58.727,7.663,5.272,-0.0339,20.79
OLS,GLOBAL_GAN,6,40328,30.545,5.527,3.677,0.8423,29.45
OLS,GLOBAL_GAN,12,21882,43.98,6.632,5.714,-0.1199,16.36
OLS,GLOBAL_GAN,14,18538,29.063,5.391,4.47,0.6697,19.97
OLS,GLOBAL_GAN,20,43911,59.627,7.722,6.003,0.836,30.66
OLS,GLOBAL_GAN,26,16606,72.685,8.526,6.295,0.8657,35.57
OLS,GLOBAL_GAN,43,8383,58.523,7.65,5.45,0.4337,22.46
OLS,GLOBAL_GAN,45,17082,43.167,6.57,4.99,0.7878,19.55
OLS,GLOBAL_GAN,56,33063,31.665,5.627,4.387,0.7383,31.11
OLS,GLOBAL_GAN,59,7415,97.588,9.879,8.338,0.1654,32.73
OLS,GLOBAL_GAN,65,40034,46.096,6.789,4.625,0.7994,78.16
WLS,GLOBAL_GAN,2,19297,72.524,8.516,5.959,-0.2768,22.12
WLS,GLOBAL_GAN,6,40328,26.554,5.153,3.352,0.8629,30.55
WLS,GLOBAL_GAN,12,21882,36.74,6.061,5.364,0.0644,17.56
WLS,GLOBAL_GAN,14,18538,29.691,5.449,4.426,0.6626,20.77
WLS,GLOBAL_GAN,20,43911,57.063,7.554,5.97,0.843,27.11
WLS,GLOBAL_GAN,26,16606,73.617,8.58,6.084,0.864,37.05
WLS,GLOBAL_GAN,43,8383,61.599,7.849,5.33,0.4039,23.16
WLS,GLOBAL_GAN,45,17082,42.039,6.484,4.656,0.7933,19.55
WLS,GLOBAL_GAN,56,33063,28.093,5.3,4.24,0.7678,28.77
WLS,GLOBAL_GAN,59,7415,95.874,9.792,8.174,0.1801,30.52
WLS,GLOBAL_GAN,65,40034,49.271,7.019,4.715,0.7856,85.79
HistGB,GLOBAL_GAN,2,19297,45.082,6.714,5.408,0.2063,15.2
HistGB,GLOBAL_GAN,6,40328,64.903,8.056,6.588,0.665,21.48
HistGB,GLOBAL_GAN,12,21882,12.925,3.595,3.23,0.6709,7.68
HistGB,GLOBAL_GAN,14,18538,42.237,6.499,4.968,0.52,20.63
HistGB,GLOBAL_GAN,20,43911,31.458,5.609,4.524,0.9135,18.46
HistGB,GLOBAL_GAN,26,16606,5.856,2.42,1.742,0.9892,16.45
HistGB,GLOBAL_GAN,43,8383,29.986,5.476,3.638,0.7098,22.74
HistGB,GLOBAL_GAN,45,17082,66.307,8.143,6.68,0.674,26.22
HistGB,GLOBAL_GAN,56,33063,36.691,6.057,5.198,0.6968,23.85
HistGB,GLOBAL_GAN,59,7415,52.215,7.226,6.17,0.5535,24.67
HistGB,GLOBAL_GAN,65,40034,22.055,4.696,3.591,0.904,16.99
OLS,CLUSTER_AWARE_GAN,2,19297,97.863,9.893,7.497,-0.7229,22.4
OLS,CLUSTER_AWARE_GAN,6,40328,25.642,5.064,3.827,0.8676,22.86
OLS,CLUSTER_AWARE_GAN,12,21882,40.843,6.391,5.781,-0.0401,15.69
OLS,CLUSTER_AWARE_GAN,14,18538,55.145,7.426,6.788,0.3733,20.38
OLS,CLUSTER_AWARE_GAN,20,43911,67.722,8.229,6.257,0.8137,30.11
OLS,CLUSTER_AWARE_GAN,26,16606,63.459,7.966,6.582,0.8827,27.78
OLS,CLUSTER_AWARE_GAN,43,8383,52.155,7.222,5.158,0.4953,20.98
OLS,CLUSTER_AWARE_GAN,45,17082,44.589,6.677,4.781,0.7808,19.43
OLS,CLUSTER_AWARE_GAN,56,33063,29.448,5.427,4.251,0.7566,23.9
OLS,CLUSTER_AWARE_GAN,59,7415,50.346,7.095,5.57,0.5694,18.71
OLS,CLUSTER_AWARE_GAN,65,40034,35.477,5.956,4.238,0.8456,60.96
WLS,CLUSTER_AWARE_GAN,2,19297,95.978,9.797,7.714,-0.6898,21.82
WLS,CLUSTER_AWARE_GAN,6,40328,22.817,4.777,3.599,0.8822,24.24
WLS,CLUSTER_AWARE_GAN,12,21882,32.933,5.739,5.254,0.1614,17.68
WLS,CLUSTER_AWARE_GAN,14,18538,54.699,7.396,6.594,0.3784,21.72
WLS,CLUSTER_AWARE_GAN,20,43911,68.855,8.298,6.336,0.8106,27.77
WLS,CLUSTER_AWARE_GAN,26,16606,65.016,8.063,6.606,0.8799,28.92
WLS,CLUSTER_AWARE_GAN,43,8383,56.157,7.494,5.33,0.4566,21.68
WLS,CLUSTER_AWARE_GAN,45,17082,45.205,6.723,4.656,0.7777,19.58
WLS,CLUSTER_AWARE_GAN,56,33063,24.415,4.941,3.964,0.7982,21.82
WLS,CLUSTER_AWARE_GAN,59,7415,49.897,7.064,5.523,0.5733,19.53
WLS,CLUSTER_AWARE_GAN,65,40034,36.028,6.002,4.171,0.8432,62.1
HistGB,CLUSTER_AWARE_GAN,2,19297,37.073,6.089,4.827,0.3473,13.89
HistGB,CLUSTER_AWARE_GAN,6,40328,67.666,8.226,7.029,0.6507,19.38
HistGB,CLUSTER_AWARE_GAN,12,21882,30.74,5.544,4.43,0.2172,13.2
HistGB,CLUSTER_AWARE_GAN,14,18538,38.655,6.217,4.831,0.5607,18.98
HistGB,CLUSTER_AWARE_GAN,20,43911,25.872,5.086,4.215,0.9288,20.37
HistGB,CLUSTER_AWARE_GAN,26,16606,12.903,3.592,2.439,0.9762,19.87
HistGB,CLUSTER_AWARE_GAN,43,8383,45.946,6.778,5.234,0.5554,21.64
HistGB,CLUSTER_AWARE_GAN,45,17082,64.663,8.041,6.47,0.6821,25.83
HistGB,CLUSTER_AWARE_GAN,56,33063,45.799,6.768,5.703,0.6215,18.48
HistGB,CLUSTER_AWARE_GAN,59,7415,78.29,8.848,7.749,0.3305,19.17
HistGB,CLUSTER_AWARE_GAN,65,40034,22.705,4.765,3.742,0.9012,15.31
OLS,HYBRID_AUG,2,19297,134.032,11.577,8.854,-1.3597,24.86
OLS,HYBRID_AUG,6,40328,31.493,5.612,4.315,0.8374,21.6
OLS,HYBRID_AUG,12,21882,47.976,6.927,5.636,-0.2217,12.92
OLS,HYBRID_AUG,14,18538,45.878,6.773,6.204,0.4786,19.57
OLS,HYBRID_AUG,20,43911,48.633,6.974,5.29,0.8662,21.11
OLS,HYBRID_AUG,26,16606,49.259,7.018,5.523,0.909,28.15
OLS,HYBRID_AUG,43,8383,54.633,7.391,5.023,0.4713,20.04
OLS,HYBRID_AUG,45,17082,42.298,6.504,4.449,0.792,20.85
OLS,HYBRID_AUG,56,33063,22.19,4.711,3.614,0.8166,18.03
OLS,HYBRID_AUG,59,7415,39.973,6.322,4.419,0.6581,18.01
OLS,HYBRID_AUG,65,40034,32.597,5.709,3.944,0.8582,68.38
WLS,HYBRID_AUG,2,19297,140.552,11.855,9.287,-1.4745,24.99
WLS,HYBRID_AUG,6,40328,25.983,5.097,3.929,0.8659,23.0
WLS,HYBRID_AUG,12,21882,36.903,6.075,5.013,0.0603,14.3
WLS,HYBRID_AUG,14,18538,43.31,6.581,6.006,0.5078,20.78
WLS,HYBRID_AUG,20,43911,47.219,6.872,5.266,0.8701,19.05
WLS,HYBRID_AUG,26,16606,51.183,7.154,5.591,0.9054,29.38
WLS,HYBRID_AUG,43,8383,58.085,7.621,5.229,0.4379,20.75
WLS,HYBRID_AUG,45,17082,42.811,6.543,4.277,0.7895,21.36
WLS,HYBRID_AUG,56,33063,16.286,4.036,3.149,0.8654,15.65
WLS,HYBRID_AUG,59,7415,39.732,6.303,4.383,0.6602,18.83
WLS,HYBRID_AUG,65,40034,33.636,5.8,3.893,0.8536,72.88
HistGB,HYBRID_AUG,2,19297,70.014,8.367,6.332,-0.2326,19.1
HistGB,HYBRID_AUG,6,40328,70.375,8.389,7.213,0.6367,19.09
HistGB,HYBRID_AUG,12,21882,9.437,3.072,2.432,0.7597,8.72
HistGB,HYBRID_AUG,14,18538,31.379,5.602,4.017,0.6434,21.25
HistGB,HYBRID_AUG,20,43911,35.686,5.974,4.933,0.9018,19.63
HistGB,HYBRID_AUG,26,16606,7.883,2.808,1.88,0.9854,13.75
HistGB,HYBRID_AUG,43,8383,57.028,7.552,5.432,0.4481,24.23
HistGB,HYBRID_AUG,45,17082,61.885,7.867,6.205,0.6957,23.4
HistGB,HYBRID_AUG,56,33063,38.834,6.232,5.138,0.6791,18.99
HistGB,HYBRID_AUG,59,7415,61.914,7.869,6.561,0.4705,21.29
HistGB,HYBRID_AUG,65,40034,26.861,5.183,3.938,0.8831,20.45
