spany,MSE_val,MSE_test,MSE_train
"(60, 120, 360, 3360)",40.4416240720132,38.68860079579075,20.103549903506874
"(60, 120, 1320, 3360)",42.816919638544555,38.10588718281782,18.71020224608024
"(60, 360, 1320, 3360)",43.827134761220734,38.70600315318624,18.48941884293184
"(6360, 9480, 14400, 21600)",44.01959088298584,88.42517438087083,14.230979893288552
"(120, 360, 1320, 3360)",44.10869464896839,38.84209827168679,18.397349539573167
"(60, 120, 360, 6360)",44.77259227579393,40.65170932917228,19.514682763689013
"(3360, 9480, 14400, 21600)",44.965654241522415,76.4396926552137,13.936262047708295
"(60, 120, 360, 1320)",46.47412242694543,44.14888137947475,28.73622888008183
"(3360, 6360, 14400, 21600)",47.095798092284035,74.3786522038706,13.934720086184914
"(60, 120, 1320, 6360)",47.582392684012646,37.55472492490264,17.378983215777627
"(60, 360, 1320, 6360)",48.561535999529774,38.08418929791687,17.076599533281932
"(120, 360, 1320, 6360)",48.94333162986631,38.246007187645326,17.003928428555913
"(60, 120, 360, 9480)",49.63263328330928,43.47457794917464,20.51444510883734
"(3360, 6360, 9480, 21600)",50.00632944327948,74.05047565951163,13.993153677118759
"(60, 120, 1320, 9480)",51.392812347104154,38.00605331306836,17.184931467045317
"(60, 360, 1320, 9480)",52.10260592431819,38.31849856433789,16.75530096963251
"(120, 360, 1320, 9480)",52.469582949637136,38.478823026780454,16.676506034158166
"(3360, 6360, 9480, 14400)",53.35328273937192,73.53542020837475,14.087554905852116
"(60, 120, 360, 14400)",54.189325853421416,47.43111135271497,21.885363080872576
"(1320, 3360, 14400, 21600)",54.24951951306151,68.82905881605933,14.181557511577232
"(60, 120, 1320, 14400)",54.61069430959857,40.03769348171914,17.250199842392945
"(60, 360, 1320, 14400)",54.99315191426003,40.05747557558805,16.68841117534034
"(1320, 3360, 9480, 21600)",55.275070817192855,66.04607052279651,14.357507165544686
"(120, 360, 1320, 14400)",55.295903008393644,40.219536230810185,16.599907431068264
"(1320, 6360, 14400, 21600)",55.38300755915078,72.26256560094892,13.982817053939387
"(360, 1320, 14400, 21600)",55.5541791859662,72.42650206207746,14.417868742520167
"(1320, 6360, 9480, 21600)",55.74237317165278,70.16724268826457,14.128357902081078
"(1320, 3360, 6360, 21600)",56.15328413889501,63.486825263410005,14.525321750247963
"(1320, 9480, 14400, 21600)",56.194928162511125,74.24771802765356,13.885952851567183
"(60, 120, 1320, 21600)",56.199150511762205,43.905454037564176,17.41405943231301
"(120, 1320, 14400, 21600)",56.26947046698205,74.80949962065378,14.605792392087611
"(60, 360, 1320, 21600)",56.29199791058851,43.57163853388407,16.746664290973488
"(120, 360, 1320, 21600)",56.516243236404065,43.72153117958699,16.649579622059868
"(360, 1320, 3360, 6360)",56.556721731880856,44.85786613897915,15.782745239492634
"(60, 1320, 14400, 21600)",56.559745832459576,75.78835194131774,14.776072699892556
"(60, 120, 3360, 6360)",56.62460481788911,41.79861667899109,16.726663083187
"(120, 1320, 3360, 6360)",56.88695761704318,45.17699501178363,15.871981647038776
"(60, 360, 3360, 6360)",56.89352712111311,42.70150521941233,16.40002741844342
"(120, 360, 3360, 6360)",56.92930869644409,42.85064120201765,16.289111820342473
"(360, 3360, 14400, 21600)",57.06835673805292,76.4066434750031,14.530010348701207
"(60, 1320, 3360, 6360)",57.07763209383695,45.235945456296484,15.997722401346305
"(60, 120, 360, 21600)",57.11309990687428,52.64867569473637,23.14434515838078
"(1320, 3360, 9480, 14400)",57.13335950639279,62.9720583110326,14.529985744656727
"(360, 3360, 9480, 21600)",57.19674110103071,70.66059779064089,14.699463301518078
"(1320, 6360, 9480, 14400)",57.230955796880046,67.42645229819065,14.282524464480547
"(360, 3360, 6360, 21600)",57.33639961888563,66.03887184117977,14.83804264833441
"(120, 3360, 14400, 21600)",57.53527089709017,80.50810553031722,14.741220943495268
"(360, 1320, 9480, 21600)",57.577351290872976,67.5092113591266,14.580583473276437
"(120, 3360, 9480, 21600)",57.60400978136323,73.48887911651397,14.887996024561378
"(60, 3360, 14400, 21600)",57.680285805838174,82.09544843275418,14.890645850187356
"(120, 3360, 6360, 21600)",57.70087836359065,67.97474730949239,14.991169735170004
"(60, 3360, 9480, 21600)",57.746923666469115,74.62578048026826,15.028957167931857
"(60, 3360, 6360, 21600)",57.83477309214959,68.78944281295828,15.11814828435294
"(1320, 3360, 6360, 14400)",58.29222055558984,60.50996997050595,14.700520785512666
"(360, 3360, 9480, 14400)",58.45046619693583,66.12055808368736,14.868085303867113
"(120, 1320, 9480, 21600)",58.70213130934868,69.67274704717775,14.722695651099572
"(120, 3360, 9480, 14400)",58.839802977874854,68.39119038426867,15.046147176413783
"(360, 1320, 6360, 21600)",58.90064657889826,62.51813259632258,14.730636336811736
"(360, 3360, 6360, 14400)",58.972554362856826,62.24964851737941,15.00308246991509
"(360, 1320, 3360, 9480)",58.991815507962755,47.44433305713622,15.443063308275208
"(60, 3360, 9480, 14400)",58.995221791973904,69.30408654459063,15.18488364979138
"(360, 1320, 3360, 21600)",59.05129259694342,54.43687247524579,15.047406455123783
"(60, 1320, 9480, 21600)",59.112806545734166,70.55176831992189,14.873499748390572
"(120, 3360, 6360, 14400)",59.35199608938189,63.89550898268754,15.146026624266804
"(60, 3360, 6360, 14400)",59.503335644863014,64.57074464580089,15.272298225981663
"(120, 1320, 3360, 9480)",59.602892524036314,47.83517978922261,15.487485042006687
"(60, 1320, 3360, 9480)",59.858704509800454,47.93664073221427,15.593688531769676
"(360, 1320, 3360, 14400)",59.90292077882451,50.81576055655126,15.197813060836996
"(360, 1320, 9480, 14400)",59.91446110114223,63.59370433744068,14.740008182536364
"(120, 1320, 3360, 21600)",60.00619232568792,55.13334714790172,15.059877041781608
"(120, 1320, 6360, 21600)",60.208560663537604,64.17614333670997,14.816270670732358
"(1320, 3360, 6360, 9480)",60.308739292778846,57.9236591618438,14.892896195366706
"(360, 3360, 6360, 9480)",60.3290820756435,58.936620552891476,15.17002559037619
"(60, 1320, 3360, 21600)",60.34232875948918,55.392377505346204,15.143003102458563
"(360, 6360, 9480, 14400)",60.53233995488584,74.23817157952885,14.872181843952573
"(360, 6360, 9480, 21600)",60.64101213935855,80.04169025444006,14.730535967447564
"(60, 1320, 6360, 21600)",60.66185452919104,64.84491457904943,14.940970264631293
"(120, 3360, 6360, 9480)",60.7040359391256,60.28505608434559,15.293423865082172
"(120, 1320, 3360, 14400)",60.76341671161737,51.35013663088995,15.217569965752112
"(120, 360, 3360, 9480)",60.83034576778567,45.10379957385381,15.832054515399436
"(60, 3360, 6360, 9480)",60.8669329795568,60.82336166238119,15.416633515819283
"(360, 1320, 6360, 14400)",60.917407131028114,58.79734505070183,14.883857493055693
"(60, 360, 3360, 9480)",60.944064528373424,44.97812205386343,15.939063090193788
"(60, 1320, 3360, 14400)",61.079719701912154,51.521669890465276,15.30922335401291
"(60, 120, 3360, 9480)",61.19564206876044,44.0953567531004,16.28761993381201
"(120, 6360, 9480, 14400)",61.21568823798567,78.63390196858388,15.213568743811189
"(120, 360, 14400, 21600)",61.300596234799656,82.53020921232715,16.10955656617125
"(120, 1320, 9480, 14400)",61.34407156743971,65.62302384936696,14.859538088596965
"(60, 6360, 9480, 14400)",61.4482212490786,80.30583519422505,15.397791192978568
"(120, 6360, 9480, 21600)",61.630759373636906,85.82118157502954,15.093140753135819
"(360, 1320, 6360, 9480)",61.70547856116389,54.813050783340785,15.068262355897565
"(60, 1320, 9480, 14400)",61.84692043520006,66.40310279281627,15.003530054980548
"(60, 6360, 9480, 21600)",61.94110091395591,88.02904415769466,15.282373895962063
"(60, 360, 14400, 21600)",62.15208346316322,83.98904390316191,16.478484739177294
"(120, 1320, 6360, 14400)",62.37408277030014,60.27289103674333,14.95487339337567
"(60, 1320, 6360, 14400)",62.87707344453711,60.82916811056138,15.077304806139038
"(120, 1320, 6360, 9480)",63.07242028424732,55.97368890795075,15.126533289327337
"(120, 360, 3360, 21600)",63.093019641123355,52.911518031256946,15.341233680995316
"(120, 360, 3360, 14400)",63.11726790002334,48.67275304388639,15.514001300544441
"(360, 6360, 14400, 21600)",63.32547661320401,87.16581222500429,14.618349835627935
"(60, 360, 3360, 14400)",63.38462876838537,48.590044772104505,15.61598143689282
"(60, 360, 3360, 21600)",63.46186536100978,52.89312739268474,15.439429597282428
"(60, 1320, 6360, 9480)",63.55964834478346,56.390568063667544,15.2464498562145
"(60, 120, 3360, 14400)",64.12269138730855,47.859709768500416,15.971910624971025
"(60, 120, 3360, 21600)",64.55087399105341,52.41370584506242,15.796702147452415
"(120, 6360, 14400, 21600)",65.0231311960782,95.50148395731341,15.025056718267232
"(120, 360, 9480, 21600)",65.50777056022501,76.75646108662684,15.807466523675156
"(60, 6360, 14400, 21600)",65.55406666879728,98.67094679685336,15.226162105555503
"(60, 120, 14400, 21600)",66.17329214850642,89.41530965246938,17.763315227554113
"(60, 360, 9480, 21600)",66.47924877067838,77.9708588811754,16.10325368526377
"(120, 360, 6360, 21600)",67.0244107998071,67.85160413552167,15.46701489573775
"(60, 360, 6360, 21600)",67.91966978159994,68.58561613300238,15.677308064618925
"(120, 360, 6360, 9480)",68.62509917010232,56.71957210141267,15.59860056070176
"(120, 360, 6360, 14400)",69.1827245005688,62.84017776838162,15.509777015073594
"(120, 360, 9480, 14400)",69.18874799388271,71.95331700922226,15.752567159543686
"(60, 360, 6360, 9480)",69.31748735344007,57.0697800979106,15.770140163716782
"(60, 360, 6360, 14400)",70.04643653671764,63.410137915937845,15.703164899993448
"(360, 9480, 14400, 21600)",70.21085348733114,95.89247852481587,14.64232189027254
"(60, 360, 9480, 14400)",70.22871126122622,72.98781092122113,16.016536115902152
"(60, 120, 9480, 21600)",70.61094295045979,82.23694920917156,17.09686328227277
"(60, 120, 6360, 21600)",71.27215531979967,70.75104928785484,16.36167145682414
"(60, 120, 6360, 9480)",71.46136920275244,57.604575504971365,16.322390516625262
"(60, 120, 6360, 14400)",73.01218887012715,64.87271757869432,16.328646849068026
"(120, 9480, 14400, 21600)",73.76606487119166,107.77601248551255,15.149124605239235
"(60, 120, 9480, 14400)",74.29677935902441,76.44726044608787,16.887844036569337
"(60, 9480, 14400, 21600)",74.89118193388934,112.28465913970227,15.377137964061838
