spany,MSE_val,MSE_train,MSE_test
"(60, 120, 360, 3360)",40.4416240720132,20.103549903506874,38.68860079579075
"(60, 120, 1320, 3360)",42.816919638544555,18.71020224608024,38.10588718281782
"(60, 360, 1320, 3360)",43.827134761220734,18.48941884293184,38.70600315318624
"(6360, 9480, 14400, 21600)",44.01959088298584,14.230979893288552,88.42517438087083
"(120, 360, 1320, 3360)",44.10869464896839,18.397349539573167,38.84209827168679
"(60, 120, 360, 6360)",44.77259227579393,19.514682763689013,40.65170932917228
"(3360, 9480, 14400, 21600)",44.965654241522415,13.936262047708295,76.4396926552137
"(60, 120, 360, 1320)",46.47412242694543,28.73622888008183,44.14888137947475
"(3360, 6360, 14400, 21600)",47.095798092284035,13.934720086184914,74.3786522038706
"(60, 120, 1320, 6360)",47.582392684012646,17.378983215777627,37.55472492490264
"(60, 360, 1320, 6360)",48.561535999529774,17.076599533281932,38.08418929791687
"(120, 360, 1320, 6360)",48.94333162986631,17.003928428555913,38.246007187645326
"(60, 120, 360, 9480)",49.63263328330928,20.51444510883734,43.47457794917464
"(3360, 6360, 9480, 21600)",50.00632944327948,13.993153677118759,74.05047565951163
"(60, 120, 1320, 9480)",51.392812347104154,17.184931467045317,38.00605331306836
"(60, 360, 1320, 9480)",52.10260592431819,16.75530096963251,38.31849856433789
"(120, 360, 1320, 9480)",52.469582949637136,16.676506034158166,38.478823026780454
"(3360, 6360, 9480, 14400)",53.35328273937192,14.087554905852116,73.53542020837475
"(60, 120, 360, 14400)",54.189325853421416,21.885363080872576,47.43111135271497
"(1320, 3360, 14400, 21600)",54.24951951306151,14.181557511577232,68.82905881605933
"(60, 120, 1320, 14400)",54.61069430959857,17.250199842392945,40.03769348171914
"(60, 360, 1320, 14400)",54.99315191426003,16.68841117534034,40.05747557558805
"(1320, 3360, 9480, 21600)",55.275070817192855,14.357507165544686,66.04607052279651
"(120, 360, 1320, 14400)",55.295903008393644,16.599907431068264,40.219536230810185
"(1320, 6360, 14400, 21600)",55.38300755915078,13.982817053939387,72.26256560094892
"(360, 1320, 14400, 21600)",55.5541791859662,14.417868742520167,72.42650206207746
"(1320, 6360, 9480, 21600)",55.74237317165278,14.128357902081078,70.16724268826457
"(1320, 3360, 6360, 21600)",56.15328413889501,14.525321750247963,63.486825263410005
"(1320, 9480, 14400, 21600)",56.194928162511125,13.885952851567183,74.24771802765356
"(60, 120, 1320, 21600)",56.199150511762205,17.41405943231301,43.905454037564176
"(120, 1320, 14400, 21600)",56.26947046698205,14.605792392087611,74.80949962065378
"(60, 360, 1320, 21600)",56.29199791058851,16.746664290973488,43.57163853388407
"(120, 360, 1320, 21600)",56.516243236404065,16.649579622059868,43.72153117958699
"(360, 1320, 3360, 6360)",56.556721731880856,15.782745239492634,44.85786613897915
"(60, 1320, 14400, 21600)",56.559745832459576,14.776072699892556,75.78835194131774
"(60, 120, 3360, 6360)",56.62460481788911,16.726663083187,41.79861667899109
"(120, 1320, 3360, 6360)",56.88695761704318,15.871981647038776,45.17699501178363
"(60, 360, 3360, 6360)",56.89352712111311,16.40002741844342,42.70150521941233
"(120, 360, 3360, 6360)",56.92930869644409,16.289111820342473,42.85064120201765
"(360, 3360, 14400, 21600)",57.06835673805292,14.530010348701207,76.4066434750031
"(60, 1320, 3360, 6360)",57.07763209383695,15.997722401346305,45.235945456296484
"(60, 120, 360, 21600)",57.11309990687428,23.14434515838078,52.64867569473637
"(1320, 3360, 9480, 14400)",57.13335950639279,14.529985744656727,62.9720583110326
"(360, 3360, 9480, 21600)",57.19674110103071,14.699463301518078,70.66059779064089
"(1320, 6360, 9480, 14400)",57.230955796880046,14.282524464480547,67.42645229819065
"(360, 3360, 6360, 21600)",57.33639961888563,14.83804264833441,66.03887184117977
"(120, 3360, 14400, 21600)",57.53527089709017,14.741220943495268,80.50810553031722
"(360, 1320, 9480, 21600)",57.577351290872976,14.580583473276437,67.5092113591266
"(120, 3360, 9480, 21600)",57.60400978136323,14.887996024561378,73.48887911651397
"(60, 3360, 14400, 21600)",57.680285805838174,14.890645850187356,82.09544843275418
"(120, 3360, 6360, 21600)",57.70087836359065,14.991169735170004,67.97474730949239
"(60, 3360, 9480, 21600)",57.746923666469115,15.028957167931857,74.62578048026826
"(60, 3360, 6360, 21600)",57.83477309214959,15.11814828435294,68.78944281295828
"(1320, 3360, 6360, 14400)",58.29222055558984,14.700520785512666,60.50996997050595
"(360, 3360, 9480, 14400)",58.45046619693583,14.868085303867113,66.12055808368736
"(120, 1320, 9480, 21600)",58.70213130934868,14.722695651099572,69.67274704717775
"(120, 3360, 9480, 14400)",58.839802977874854,15.046147176413783,68.39119038426867
"(360, 1320, 6360, 21600)",58.90064657889826,14.730636336811736,62.51813259632258
"(360, 3360, 6360, 14400)",58.972554362856826,15.00308246991509,62.24964851737941
"(360, 1320, 3360, 9480)",58.991815507962755,15.443063308275208,47.44433305713622
"(60, 3360, 9480, 14400)",58.995221791973904,15.18488364979138,69.30408654459063
"(360, 1320, 3360, 21600)",59.05129259694342,15.047406455123783,54.43687247524579
"(60, 1320, 9480, 21600)",59.112806545734166,14.873499748390572,70.55176831992189
"(120, 3360, 6360, 14400)",59.35199608938189,15.146026624266804,63.89550898268754
"(60, 3360, 6360, 14400)",59.503335644863014,15.272298225981663,64.57074464580089
"(120, 1320, 3360, 9480)",59.602892524036314,15.487485042006687,47.83517978922261
"(60, 1320, 3360, 9480)",59.858704509800454,15.593688531769676,47.93664073221427
"(360, 1320, 3360, 14400)",59.90292077882451,15.197813060836996,50.81576055655126
"(360, 1320, 9480, 14400)",59.91446110114223,14.740008182536364,63.59370433744068
"(120, 1320, 3360, 21600)",60.00619232568792,15.059877041781608,55.13334714790172
"(120, 1320, 6360, 21600)",60.208560663537604,14.816270670732358,64.17614333670997
"(1320, 3360, 6360, 9480)",60.308739292778846,14.892896195366706,57.9236591618438
"(360, 3360, 6360, 9480)",60.3290820756435,15.17002559037619,58.936620552891476
"(60, 1320, 3360, 21600)",60.34232875948918,15.143003102458563,55.392377505346204
"(360, 6360, 9480, 14400)",60.53233995488584,14.872181843952573,74.23817157952885
"(360, 6360, 9480, 21600)",60.64101213935855,14.730535967447564,80.04169025444006
"(60, 1320, 6360, 21600)",60.66185452919104,14.940970264631293,64.84491457904943
"(120, 3360, 6360, 9480)",60.7040359391256,15.293423865082172,60.28505608434559
"(120, 1320, 3360, 14400)",60.76341671161737,15.217569965752112,51.35013663088995
"(120, 360, 3360, 9480)",60.83034576778567,15.832054515399436,45.10379957385381
"(60, 3360, 6360, 9480)",60.8669329795568,15.416633515819283,60.82336166238119
"(360, 1320, 6360, 14400)",60.917407131028114,14.883857493055693,58.79734505070183
"(60, 360, 3360, 9480)",60.944064528373424,15.939063090193788,44.97812205386343
"(60, 1320, 3360, 14400)",61.079719701912154,15.30922335401291,51.521669890465276
"(60, 120, 3360, 9480)",61.19564206876044,16.28761993381201,44.0953567531004
"(120, 6360, 9480, 14400)",61.21568823798567,15.213568743811189,78.63390196858388
"(120, 360, 14400, 21600)",61.300596234799656,16.10955656617125,82.53020921232715
"(120, 1320, 9480, 14400)",61.34407156743971,14.859538088596965,65.62302384936696
"(60, 6360, 9480, 14400)",61.4482212490786,15.397791192978568,80.30583519422505
"(120, 6360, 9480, 21600)",61.630759373636906,15.093140753135819,85.82118157502954
"(360, 1320, 6360, 9480)",61.70547856116389,15.068262355897565,54.813050783340785
"(60, 1320, 9480, 14400)",61.84692043520006,15.003530054980548,66.40310279281627
"(60, 6360, 9480, 21600)",61.94110091395591,15.282373895962063,88.02904415769466
"(60, 360, 14400, 21600)",62.15208346316322,16.478484739177294,83.98904390316191
"(120, 1320, 6360, 14400)",62.37408277030014,14.95487339337567,60.27289103674333
"(60, 1320, 6360, 14400)",62.87707344453711,15.077304806139038,60.82916811056138
"(120, 1320, 6360, 9480)",63.07242028424732,15.126533289327337,55.97368890795075
"(120, 360, 3360, 21600)",63.093019641123355,15.341233680995316,52.911518031256946
"(120, 360, 3360, 14400)",63.11726790002334,15.514001300544441,48.67275304388639
"(360, 6360, 14400, 21600)",63.32547661320401,14.618349835627935,87.16581222500429
"(60, 360, 3360, 14400)",63.38462876838537,15.61598143689282,48.590044772104505
"(60, 360, 3360, 21600)",63.46186536100978,15.439429597282428,52.89312739268474
"(60, 1320, 6360, 9480)",63.55964834478346,15.2464498562145,56.390568063667544
"(60, 120, 3360, 14400)",64.12269138730855,15.971910624971025,47.859709768500416
"(60, 120, 3360, 21600)",64.55087399105341,15.796702147452415,52.41370584506242
"(120, 6360, 14400, 21600)",65.0231311960782,15.025056718267232,95.50148395731341
"(120, 360, 9480, 21600)",65.50777056022501,15.807466523675156,76.75646108662684
"(60, 6360, 14400, 21600)",65.55406666879728,15.226162105555503,98.67094679685336
"(60, 120, 14400, 21600)",66.17329214850642,17.763315227554113,89.41530965246938
"(60, 360, 9480, 21600)",66.47924877067838,16.10325368526377,77.9708588811754
"(120, 360, 6360, 21600)",67.0244107998071,15.46701489573775,67.85160413552167
"(60, 360, 6360, 21600)",67.91966978159994,15.677308064618925,68.58561613300238
"(120, 360, 6360, 9480)",68.62509917010232,15.59860056070176,56.71957210141267
"(120, 360, 6360, 14400)",69.1827245005688,15.509777015073594,62.84017776838162
"(120, 360, 9480, 14400)",69.18874799388271,15.752567159543686,71.95331700922226
"(60, 360, 6360, 9480)",69.31748735344007,15.770140163716782,57.0697800979106
"(60, 360, 6360, 14400)",70.04643653671764,15.703164899993448,63.410137915937845
"(360, 9480, 14400, 21600)",70.21085348733114,14.64232189027254,95.89247852481587
"(60, 360, 9480, 14400)",70.22871126122622,16.016536115902152,72.98781092122113
"(60, 120, 9480, 21600)",70.61094295045979,17.09686328227277,82.23694920917156
"(60, 120, 6360, 21600)",71.27215531979967,16.36167145682414,70.75104928785484
"(60, 120, 6360, 9480)",71.46136920275244,16.322390516625262,57.604575504971365
"(60, 120, 6360, 14400)",73.01218887012715,16.328646849068026,64.87271757869432
"(120, 9480, 14400, 21600)",73.76606487119166,15.149124605239235,107.77601248551255
"(60, 120, 9480, 14400)",74.29677935902441,16.887844036569337,76.44726044608787
"(60, 9480, 14400, 21600)",74.89118193388934,15.377137964061838,112.28465913970227
