segment_id,profile_id,in_train,label_kmeans,label_gmm,label_hdbscan,label_kmedoids_dtw
2_0,2,False,1,0,-1,0
2_1,2,False,1,0,-1,1
3_2,3,False,1,0,-1,0
3_3,3,False,1,0,-1,1
4_4,4,True,1,0,-1,0
4_5,4,True,1,0,-1,0
4_6,4,True,1,0,-1,0
4_7,4,True,1,0,-1,1
4_8,4,True,1,0,-1,0
4_9,4,True,1,0,-1,0
4_10,4,True,1,0,-1,0
4_11,4,True,1,0,2,1
5_12,5,True,1,0,-1,0
5_13,5,True,1,0,-1,1
6_14,6,False,1,0,-1,0
6_15,6,False,1,0,2,1
6_16,6,False,1,2,-1,1
6_17,6,False,1,0,-1,1
6_18,6,False,1,2,-1,1
6_19,6,False,1,0,2,1
6_20,6,False,1,0,-1,0
6_21,6,False,1,0,2,1
6_22,6,False,1,0,-1,0
6_23,6,False,1,0,2,1
7_24,7,True,1,0,-1,0
7_25,7,True,1,0,2,1
8_26,8,True,1,0,-1,0
8_27,8,True,1,0,-1,1
9_28,9,False,1,0,-1,0
9_29,9,False,1,0,-1,1
10_30,10,True,1,2,-1,0
10_31,10,True,1,1,-1,0
10_32,10,True,1,0,1,0
10_33,10,True,1,1,-1,0
10_34,10,True,1,1,1,0
10_35,10,True,1,2,-1,0
10_36,10,True,1,0,2,1
10_37,10,True,1,1,2,1
10_38,10,True,1,1,-1,1
10_39,10,True,1,1,-1,1
10_40,10,True,1,1,-1,1
10_41,10,True,1,0,-1,1
11_42,11,True,0,2,-1,0
11_43,11,True,0,2,-1,0
11_44,11,True,1,0,-1,1
12_45,12,False,1,0,-1,0
12_46,12,False,1,0,-1,1
13_47,13,True,1,0,-1,0
13_48,13,True,1,0,-1,1
14_49,14,False,1,0,-1,0
14_50,14,False,1,0,-1,1
15_51,15,True,1,0,-1,0
15_52,15,True,1,0,-1,1
16_53,16,True,1,0,-1,0
16_54,16,True,1,0,2,1
17_55,17,True,1,0,-1,0
17_56,17,True,1,0,-1,1
18_57,18,False,1,0,-1,0
18_58,18,False,1,0,-1,1
19_59,19,False,1,0,-1,0
19_60,19,False,1,0,-1,0
20_61,20,False,1,0,-1,0
20_62,20,False,1,0,1,0
20_63,20,False,1,0,1,0
20_64,20,False,1,0,-1,0
20_65,20,False,1,0,2,1
20_66,20,False,1,0,-1,0
20_67,20,False,1,0,-1,1
20_68,20,False,1,0,-1,0
20_69,20,False,1,0,-1,0
20_70,20,False,1,0,-1,0
20_71,20,False,1,0,-1,0
20_72,20,False,1,0,2,1
20_73,20,False,1,0,2,0
20_74,20,False,1,0,2,1
20_75,20,False,1,0,2,1
20_76,20,False,1,0,-1,0
20_77,20,False,1,0,-1,0
20_78,20,False,1,0,-1,0
21_79,21,True,1,0,-1,0
21_80,21,True,1,0,-1,1
23_81,23,True,1,0,-1,0
23_82,23,True,1,0,-1,1
24_83,24,True,1,0,-1,0
24_84,24,True,1,0,-1,1
26_85,26,False,1,0,-1,0
26_86,26,False,1,0,-1,1
27_87,27,True,1,0,-1,0
27_88,27,True,1,0,2,1
27_89,27,True,1,0,-1,0
27_90,27,True,1,0,1,0
27_91,27,True,1,0,2,0
27_92,27,True,1,0,2,1
27_93,27,True,1,0,2,0
27_94,27,True,1,0,-1,0
27_95,27,True,1,0,-1,0
27_96,27,True,1,0,1,0
27_97,27,True,1,0,-1,0
27_98,27,True,1,0,-1,0
27_99,27,True,1,0,-1,0
27_100,27,True,1,0,-1,0
27_101,27,True,1,0,2,1
29_102,29,True,1,0,-1,0
29_103,29,True,1,0,-1,0
29_104,29,True,1,0,1,0
29_105,29,True,1,0,-1,0
29_106,29,True,1,0,1,0
29_107,29,True,1,0,2,1
29_108,29,True,1,0,2,0
29_109,29,True,1,0,-1,0
29_110,29,True,1,0,1,0
29_111,29,True,1,0,2,1
29_112,29,True,1,0,-1,0
29_113,29,True,1,0,-1,0
29_114,29,True,1,0,2,1
30_115,30,True,1,0,-1,0
30_116,30,True,1,0,2,0
30_117,30,True,1,0,2,1
30_118,30,True,1,0,-1,0
30_119,30,True,1,0,-1,0
30_120,30,True,1,0,-1,0
30_121,30,True,1,0,2,1
31_122,31,True,1,0,-1,0
31_123,31,True,1,0,-1,0
31_124,31,True,1,0,-1,0
31_125,31,True,1,0,1,0
31_126,31,True,1,0,1,0
31_127,31,True,1,0,-1,0
32_128,32,True,1,0,-1,0
32_129,32,True,1,0,-1,0
32_130,32,True,1,0,1,0
32_131,32,True,1,0,2,1
32_132,32,True,1,0,-1,0
32_133,32,True,1,0,-1,0
32_134,32,True,1,0,-1,0
32_135,32,True,1,0,2,0
32_136,32,True,1,0,-1,0
32_137,32,True,1,0,1,0
36_138,36,True,1,0,-1,0
36_139,36,True,1,0,2,1
36_140,36,True,1,0,-1,0
36_141,36,True,1,0,2,1
36_142,36,True,1,0,-1,0
36_143,36,True,1,0,2,1
36_144,36,True,1,0,2,0
36_145,36,True,1,0,2,1
36_146,36,True,1,0,-1,0
36_147,36,True,1,0,2,1
36_148,36,True,1,0,2,0
36_149,36,True,1,0,2,1
36_150,36,True,1,0,-1,0
36_151,36,True,1,0,-1,1
41_152,41,True,1,1,2,0
41_153,41,True,1,1,2,0
41_154,41,True,1,1,1,0
41_155,41,True,1,0,1,0
41_156,41,True,1,1,1,0
41_157,41,True,1,0,-1,0
41_158,41,True,1,0,-1,1
41_159,41,True,1,0,-1,0
41_160,41,True,1,0,2,1
41_161,41,True,1,0,2,0
41_162,41,True,1,2,2,0
41_163,41,True,1,0,-1,0
41_164,41,True,1,0,-1,0
41_165,41,True,1,2,2,0
41_166,41,True,1,0,-1,0
41_167,41,True,1,0,2,1
42_168,42,True,1,0,2,0
42_169,42,True,1,0,2,0
42_170,42,True,1,0,-1,0
42_171,42,True,1,1,-1,0
42_172,42,True,1,0,2,0
42_173,42,True,1,0,2,0
42_174,42,True,1,0,-1,0
42_175,42,True,1,0,2,0
42_176,42,True,1,0,2,1
42_177,42,True,1,0,2,0
42_178,42,True,1,1,2,0
42_179,42,True,1,0,2,0
42_180,42,True,1,0,2,0
43_181,43,False,0,2,-1,0
43_182,43,False,0,2,-1,0
43_183,43,False,1,2,-1,0
43_184,43,False,1,2,-1,0
43_185,43,False,1,2,-1,0
43_186,43,False,1,1,-1,0
43_187,43,False,1,2,-1,0
43_188,43,False,0,2,-1,0
43_189,43,False,1,1,2,1
43_190,43,False,1,0,2,1
44_191,44,False,1,0,2,1
44_192,44,False,1,2,-1,0
44_193,44,False,1,0,-1,0
44_194,44,False,1,0,2,0
44_195,44,False,1,2,-1,0
44_196,44,False,1,0,2,1
44_197,44,False,1,0,2,1
44_198,44,False,1,2,-1,0
44_199,44,False,1,0,2,1
44_200,44,False,1,1,-1,1
44_201,44,False,1,0,-1,1
44_202,44,False,1,0,-1,1
44_203,44,False,1,0,-1,0
44_204,44,False,1,0,2,1
44_205,44,False,1,0,2,0
44_206,44,False,1,0,2,0
44_207,44,False,1,0,2,0
44_208,44,False,1,0,2,0
45_209,45,False,1,1,2,0
45_210,45,False,1,0,-1,0
45_211,45,False,1,0,2,1
45_212,45,False,1,0,2,0
45_213,45,False,1,0,2,0
45_214,45,False,1,1,-1,1
45_215,45,False,1,1,2,0
45_216,45,False,1,1,-1,0
45_217,45,False,1,1,2,0
45_218,45,False,1,0,2,0
45_219,45,False,1,0,-1,1
45_220,45,False,1,0,2,0
45_221,45,False,1,0,2,1
45_222,45,False,1,0,2,1
46_223,46,True,0,2,-1,0
46_224,46,True,0,2,-1,1
46_225,46,True,0,1,-1,1
46_226,46,True,0,2,-1,0
47_227,47,True,0,2,0,0
47_228,47,True,0,2,-1,1
47_229,47,True,0,1,-1,1
47_230,47,True,0,2,-1,0
48_231,48,True,1,1,-1,1
48_232,48,True,1,1,2,1
48_233,48,True,1,1,2,1
48_234,48,True,1,1,2,1
48_235,48,True,1,1,-1,1
48_236,48,True,1,1,2,1
48_237,48,True,1,1,2,1
48_238,48,True,1,1,2,1
48_239,48,True,1,1,-1,1
48_240,48,True,1,1,-1,1
48_241,48,True,1,1,2,1
48_242,48,True,1,1,-1,1
48_243,48,True,1,1,-1,1
48_244,48,True,1,1,2,1
48_245,48,True,1,1,-1,1
48_246,48,True,1,1,-1,1
48_247,48,True,1,1,-1,0
48_248,48,True,1,1,-1,0
48_249,48,True,1,1,-1,1
48_250,48,True,1,1,-1,1
48_251,48,True,1,1,-1,0
48_252,48,True,1,1,2,1
48_253,48,True,1,1,-1,0
48_254,48,True,1,1,1,0
48_255,48,True,1,1,-1,0
48_256,48,True,1,1,1,0
48_257,48,True,1,1,-1,1
48_258,48,True,1,1,2,1
48_259,48,True,1,1,2,1
48_260,48,True,1,1,-1,1
48_261,48,True,1,1,2,1
48_262,48,True,1,1,2,1
48_263,48,True,1,1,2,1
48_264,48,True,1,1,2,1
48_265,48,True,1,1,2,1
48_266,48,True,1,1,2,1
48_267,48,True,1,1,2,0
48_268,48,True,1,1,2,0
48_269,48,True,1,1,2,0
48_270,48,True,1,1,2,0
48_271,48,True,1,2,-1,0
48_272,48,True,1,2,2,0
48_273,48,True,1,1,2,0
48_274,48,True,1,1,2,0
48_275,48,True,1,1,2,0
48_276,48,True,1,2,-1,0
48_277,48,True,1,2,-1,0
48_278,48,True,1,1,-1,0
48_279,48,True,1,1,2,0
48_280,48,True,1,0,2,1
49_281,49,True,1,1,-1,1
49_282,49,True,1,1,-1,1
49_283,49,True,1,1,1,0
49_284,49,True,1,1,2,1
49_285,49,True,1,1,-1,1
49_286,49,True,1,1,2,1
49_287,49,True,1,1,-1,1
49_288,49,True,1,1,-1,1
49_289,49,True,1,1,-1,1
49_290,49,True,1,1,2,1
49_291,49,True,1,1,-1,1
49_292,49,True,1,1,2,1
49_293,49,True,1,1,-1,1
49_294,49,True,1,1,2,1
49_295,49,True,1,1,-1,1
49_296,49,True,1,1,2,1
49_297,49,True,1,1,2,0
49_298,49,True,1,1,2,0
49_299,49,True,1,1,2,0
49_300,49,True,1,2,2,0
49_301,49,True,1,0,2,0
49_302,49,True,1,0,2,0
50_303,50,True,1,1,-1,1
50_304,50,True,1,1,-1,1
50_305,50,True,1,1,1,0
50_306,50,True,1,1,2,1
50_307,50,True,1,1,-1,1
50_308,50,True,1,1,2,1
50_309,50,True,1,1,-1,1
50_310,50,True,1,1,-1,1
50_311,50,True,1,1,-1,1
50_312,50,True,1,1,2,1
50_313,50,True,1,1,-1,1
50_314,50,True,1,1,2,1
50_315,50,True,1,1,-1,1
50_316,50,True,1,1,2,1
50_317,50,True,1,1,-1,1
50_318,50,True,1,1,2,1
50_319,50,True,1,1,2,0
50_320,50,True,1,1,2,0
50_321,50,True,1,1,2,0
50_322,50,True,1,2,-1,0
50_323,50,True,1,0,2,0
50_324,50,True,1,2,2,0
50_325,50,True,1,0,2,0
51_326,51,True,0,2,0,1
51_327,51,True,1,1,-1,1
51_328,51,True,0,2,-1,1
51_329,51,True,0,1,2,1
51_330,51,True,0,2,-1,0
51_331,51,True,1,2,-1,0
51_332,51,True,0,2,-1,1
51_333,51,True,0,2,0,0
51_334,51,True,0,2,-1,1
51_335,51,True,0,2,-1,0
51_336,51,True,1,1,-1,1
51_337,51,True,0,2,-1,1
52_338,52,True,0,2,-1,0
52_339,52,True,0,2,-1,0
52_340,52,True,0,2,-1,0
52_341,52,True,0,2,-1,1
52_342,52,True,0,2,0,1
52_343,52,True,0,2,-1,0
52_344,52,True,0,2,0,0
52_345,52,True,0,2,-1,1
53_346,53,True,0,2,-1,0
53_347,53,True,0,2,-1,0
53_348,53,True,0,2,-1,1
53_349,53,True,0,2,-1,1
53_350,53,True,0,2,-1,0
53_351,53,True,0,2,0,0
53_352,53,True,0,2,0,1
53_353,53,True,0,2,-1,0
53_354,53,True,0,1,-1,1
53_355,53,True,0,2,0,1
53_356,53,True,0,2,0,1
53_357,53,True,0,2,-1,0
53_358,53,True,0,2,0,0
53_359,53,True,1,2,-1,0
53_360,53,True,0,2,0,1
53_361,53,True,0,2,0,0
53_362,53,True,0,2,0,1
53_363,53,True,0,2,-1,0
53_364,53,True,0,2,-1,1
53_365,53,True,0,2,-1,0
53_366,53,True,1,1,-1,1
53_367,53,True,0,1,2,1
53_368,53,True,0,2,-1,0
53_369,53,True,0,2,-1,0
53_370,53,True,0,1,2,1
53_371,53,True,0,2,0,0
53_372,53,True,0,2,-1,1
53_373,53,True,0,2,-1,1
53_374,53,True,0,2,0,0
53_375,53,True,0,2,-1,1
53_376,53,True,0,2,-1,0
53_377,53,True,0,2,-1,0
53_378,53,True,0,2,0,1
53_379,53,True,0,2,-1,0
53_380,53,True,0,2,-1,0
53_381,53,True,0,1,-1,1
53_382,53,True,0,1,-1,1
53_383,53,True,0,2,0,1
53_384,53,True,0,2,0,0
53_385,53,True,0,1,-1,1
53_386,53,True,0,2,0,0
53_387,53,True,0,1,-1,1
53_388,53,True,0,2,-1,1
54_389,54,False,0,2,-1,0
54_390,54,False,0,2,-1,1
54_391,54,False,0,2,-1,0
54_392,54,False,0,2,-1,1
54_393,54,False,1,2,2,0
54_394,54,False,0,2,-1,0
54_395,54,False,0,1,-1,1
54_396,54,False,0,1,-1,0
54_397,54,False,1,2,-1,0
54_398,54,False,0,2,0,1
54_399,54,False,0,2,0,0
54_400,54,False,1,1,-1,1
54_401,54,False,1,1,-1,1
54_402,54,False,0,2,-1,1
54_403,54,False,0,2,-1,1
54_404,54,False,0,2,0,1
54_405,54,False,0,2,-1,1
55_406,55,True,0,2,-1,0
55_407,55,True,0,2,-1,1
55_408,55,True,0,2,-1,0
55_409,55,True,0,2,-1,1
55_410,55,True,1,2,2,0
55_411,55,True,0,2,-1,0
55_412,55,True,0,1,-1,1
55_413,55,True,0,1,-1,0
55_414,55,True,1,2,-1,0
55_415,55,True,0,2,0,1
55_416,55,True,0,2,0,0
55_417,55,True,1,1,-1,1
55_418,55,True,1,1,-1,1
55_419,55,True,0,2,-1,1
55_420,55,True,0,2,-1,1
55_421,55,True,0,2,0,1
55_422,55,True,0,2,-1,1
56_423,56,False,1,1,-1,1
56_424,56,False,1,1,-1,1
56_425,56,False,1,1,-1,1
56_426,56,False,1,1,-1,1
56_427,56,False,1,1,2,0
56_428,56,False,1,1,-1,1
56_429,56,False,1,1,2,1
56_430,56,False,1,1,2,1
56_431,56,False,1,1,-1,1
56_432,56,False,1,1,-1,1
56_433,56,False,1,1,2,1
56_434,56,False,1,1,-1,1
56_435,56,False,1,2,-1,0
56_436,56,False,1,1,-1,0
56_437,56,False,1,1,-1,0
56_438,56,False,1,1,-1,0
56_439,56,False,1,1,2,0
56_440,56,False,1,1,-1,0
56_441,56,False,1,1,2,0
56_442,56,False,1,1,-1,0
56_443,56,False,1,1,-1,0
56_444,56,False,1,1,-1,0
56_445,56,False,1,1,-1,0
56_446,56,False,1,1,-1,0
56_447,56,False,1,1,-1,0
56_448,56,False,1,1,-1,0
56_449,56,False,1,1,-1,0
56_450,56,False,1,1,-1,1
56_451,56,False,1,1,2,1
56_452,56,False,1,1,2,1
56_453,56,False,1,1,-1,1
56_454,56,False,1,1,-1,1
56_455,56,False,1,1,-1,1
56_456,56,False,1,1,-1,1
56_457,56,False,1,1,-1,1
56_458,56,False,1,1,-1,1
56_459,56,False,1,1,-1,1
56_460,56,False,1,1,-1,1
56_461,56,False,1,1,-1,1
56_462,56,False,1,1,2,1
56_463,56,False,1,1,2,1
56_464,56,False,1,1,-1,1
56_465,56,False,1,1,-1,1
56_466,56,False,1,1,2,1
56_467,56,False,1,1,2,1
56_468,56,False,1,1,2,1
56_469,56,False,1,1,2,1
56_470,56,False,1,1,-1,1
56_471,56,False,1,1,-1,1
56_472,56,False,1,1,2,1
56_473,56,False,1,1,2,0
56_474,56,False,1,1,2,1
56_475,56,False,1,1,-1,1
56_476,56,False,1,1,2,1
56_477,56,False,1,1,2,0
56_478,56,False,1,1,-1,0
56_479,56,False,1,1,2,0
56_480,56,False,1,1,-1,0
56_481,56,False,1,1,2,0
56_482,56,False,1,2,2,0
56_483,56,False,1,1,2,0
56_484,56,False,1,1,2,0
56_485,56,False,1,1,2,0
56_486,56,False,1,1,2,0
56_487,56,False,1,1,2,0
56_488,56,False,1,1,2,0
56_489,56,False,1,1,-1,0
56_490,56,False,1,1,-1,0
56_491,56,False,1,1,1,0
56_492,56,False,1,1,-1,0
57_493,57,True,1,1,2,1
57_494,57,True,1,1,2,1
57_495,57,True,1,1,2,1
57_496,57,True,1,1,-1,1
57_497,57,True,1,1,-1,1
57_498,57,True,1,1,-1,1
57_499,57,True,1,1,-1,1
57_500,57,True,1,1,2,1
57_501,57,True,1,1,-1,1
57_502,57,True,1,1,2,1
57_503,57,True,1,1,2,0
57_504,57,True,1,1,-1,0
57_505,57,True,1,1,-1,0
57_506,57,True,1,2,-1,0
57_507,57,True,1,1,2,0
57_508,57,True,1,1,2,1
57_509,57,True,1,1,2,0
57_510,57,True,1,1,2,0
57_511,57,True,1,1,2,1
57_512,57,True,1,1,-1,1
57_513,57,True,1,1,2,1
57_514,57,True,1,1,-1,1
57_515,57,True,1,1,-1,1
57_516,57,True,1,1,-1,0
57_517,57,True,1,1,-1,0
57_518,57,True,1,1,-1,0
57_519,57,True,1,1,-1,0
57_520,57,True,1,1,-1,1
57_521,57,True,1,1,-1,0
57_522,57,True,1,1,2,1
57_523,57,True,1,1,-1,1
57_524,57,True,1,1,-1,0
58_525,58,False,1,2,-1,0
58_526,58,False,1,1,2,0
58_527,58,False,1,2,-1,0
58_528,58,False,1,1,-1,0
58_529,58,False,1,1,-1,0
58_530,58,False,1,2,-1,0
58_531,58,False,1,2,2,0
58_532,58,False,1,2,-1,0
58_533,58,False,1,1,2,0
58_534,58,False,1,1,2,1
58_535,58,False,1,1,-1,1
58_536,58,False,1,1,2,1
58_537,58,False,1,1,2,1
58_538,58,False,1,1,-1,0
58_539,58,False,1,1,-1,0
58_540,58,False,1,1,2,0
58_541,58,False,1,1,-1,0
58_542,58,False,1,1,2,1
58_543,58,False,1,1,-1,1
58_544,58,False,1,1,2,0
58_545,58,False,1,1,2,1
58_546,58,False,1,1,2,0
58_547,58,False,1,1,2,0
58_548,58,False,1,1,-1,0
58_549,58,False,1,1,-1,0
58_550,58,False,1,2,-1,0
58_551,58,False,1,1,-1,0
58_552,58,False,1,1,-1,0
58_553,58,False,1,2,-1,0
58_554,58,False,1,1,2,0
58_555,58,False,1,1,2,0
58_556,58,False,1,1,-1,0
58_557,58,False,1,1,-1,0
58_558,58,False,1,1,-1,0
58_559,58,False,1,1,-1,0
58_560,58,False,1,1,-1,0
58_561,58,False,1,1,2,0
58_562,58,False,1,1,2,0
58_563,58,False,1,1,2,0
58_564,58,False,1,2,-1,0
58_565,58,False,1,1,-1,0
58_566,58,False,1,1,2,1
58_567,58,False,1,1,2,0
58_568,58,False,1,1,2,1
58_569,58,False,1,1,-1,1
58_570,58,False,1,1,-1,1
58_571,58,False,1,1,-1,0
58_572,58,False,1,1,-1,1
58_573,58,False,1,1,-1,1
58_574,58,False,1,1,2,1
58_575,58,False,1,1,-1,0
58_576,58,False,1,1,-1,0
58_577,58,False,1,1,2,1
58_578,58,False,1,1,2,0
58_579,58,False,1,1,2,1
58_580,58,False,1,1,2,1
58_581,58,False,1,1,-1,1
58_582,58,False,1,1,2,0
58_583,58,False,1,1,2,1
58_584,58,False,1,1,-1,1
58_585,58,False,1,1,-1,1
58_586,58,False,1,1,-1,1
58_587,58,False,1,1,-1,1
58_588,58,False,1,1,2,1
58_589,58,False,1,1,-1,1
58_590,58,False,1,1,2,1
58_591,58,False,1,1,-1,1
58_592,58,False,1,1,-1,1
58_593,58,False,1,1,-1,1
58_594,58,False,1,1,-1,1
58_595,58,False,1,1,-1,1
58_596,58,False,1,1,-1,1
58_597,58,False,1,1,-1,1
58_598,58,False,0,1,-1,0
58_599,58,False,1,1,-1,0
58_600,58,False,1,1,1,0
59_601,59,False,0,2,-1,1
59_602,59,False,1,2,-1,0
59_603,59,False,1,1,-1,0
59_604,59,False,1,1,-1,0
59_605,59,False,1,1,-1,0
59_606,59,False,0,2,-1,0
59_607,59,False,0,2,-1,0
59_608,59,False,0,2,-1,0
59_609,59,False,0,1,-1,1
59_610,59,False,1,1,-1,1
59_611,59,False,0,2,-1,1
59_612,59,False,1,1,-1,1
59_613,59,False,0,1,-1,1
59_614,59,False,1,1,-1,1
59_615,59,False,1,1,-1,1
59_616,59,False,1,1,-1,0
60_617,60,True,0,2,-1,1
60_618,60,True,0,2,0,0
60_619,60,True,0,1,-1,1
60_620,60,True,1,1,-1,1
60_621,60,True,0,2,0,1
60_622,60,True,0,2,-1,0
60_623,60,True,0,1,-1,1
60_624,60,True,0,2,-1,1
60_625,60,True,0,2,-1,1
60_626,60,True,1,0,2,1
60_627,60,True,0,2,0,0
60_628,60,True,0,1,-1,1
60_629,60,True,1,1,-1,1
60_630,60,True,0,2,0,1
60_631,60,True,0,2,-1,0
60_632,60,True,0,1,-1,1
60_633,60,True,0,2,-1,1
60_634,60,True,0,2,-1,1
61_635,61,True,0,2,0,0
61_636,61,True,0,1,-1,1
61_637,61,True,0,2,-1,0
61_638,61,True,0,1,-1,1
61_639,61,True,0,2,-1,0
61_640,61,True,1,1,-1,1
61_641,61,True,1,2,-1,0
61_642,61,True,0,2,-1,0
61_643,61,True,0,2,-1,1
61_644,61,True,0,2,0,1
61_645,61,True,0,2,-1,0
61_646,61,True,0,2,0,1
61_647,61,True,1,0,2,1
61_648,61,True,0,2,0,0
61_649,61,True,0,1,-1,1
61_650,61,True,0,2,-1,1
61_651,61,True,1,2,-1,0
61_652,61,True,1,1,-1,1
61_653,61,True,0,2,-1,0
61_654,61,True,0,2,-1,1
61_655,61,True,0,2,-1,1
61_656,61,True,0,2,0,1
61_657,61,True,0,2,-1,0
61_658,61,True,0,2,-1,1
62_659,62,True,0,2,-1,1
62_660,62,True,0,2,0,1
62_661,62,True,0,2,-1,0
62_662,62,True,1,2,-1,0
62_663,62,True,0,2,-1,0
62_664,62,True,0,2,-1,1
62_665,62,True,1,1,-1,1
62_666,62,True,0,2,-1,0
62_667,62,True,0,2,0,0
62_668,62,True,0,2,0,1
62_669,62,True,0,2,-1,0
62_670,62,True,0,1,-1,1
62_671,62,True,1,1,-1,1
62_672,62,True,0,2,-1,0
62_673,62,True,0,1,-1,1
62_674,62,True,1,0,-1,1
63_675,63,True,0,2,-1,1
63_676,63,True,0,2,0,0
63_677,63,True,0,2,0,1
63_678,63,True,0,2,-1,1
63_679,63,True,0,2,0,0
63_680,63,True,0,2,-1,1
63_681,63,True,0,2,-1,0
63_682,63,True,0,2,-1,1
63_683,63,True,1,0,2,1
63_684,63,True,1,2,-1,0
63_685,63,True,1,2,-1,0
63_686,63,True,1,2,-1,0
63_687,63,True,1,1,2,0
63_688,63,True,0,2,-1,0
63_689,63,True,0,1,-1,0
63_690,63,True,1,1,-1,1
63_691,63,True,0,1,-1,1
63_692,63,True,0,1,-1,1
63_693,63,True,1,1,-1,1
63_694,63,True,1,1,2,1
63_695,63,True,1,1,-1,1
63_696,63,True,1,1,2,1
63_697,63,True,1,1,2,1
63_698,63,True,1,0,2,1
64_699,64,True,0,2,-1,1
64_700,64,True,0,2,0,0
64_701,64,True,0,2,0,1
64_702,64,True,0,2,-1,1
64_703,64,True,0,2,0,0
64_704,64,True,0,2,-1,1
64_705,64,True,0,2,-1,0
64_706,64,True,0,2,-1,1
64_707,64,True,1,0,2,1
65_708,65,False,0,2,0,1
65_709,65,False,0,2,0,0
65_710,65,False,0,2,-1,1
65_711,65,False,0,2,0,1
65_712,65,False,0,2,-1,1
65_713,65,False,0,2,-1,0
65_714,65,False,0,1,-1,1
65_715,65,False,0,2,-1,1
65_716,65,False,0,2,-1,0
65_717,65,False,0,2,-1,1
65_718,65,False,0,2,0,0
65_719,65,False,0,2,-1,1
65_720,65,False,0,2,0,0
65_721,65,False,0,2,-1,1
65_722,65,False,0,2,-1,0
65_723,65,False,0,2,-1,1
65_724,65,False,0,2,-1,1
65_725,65,False,0,2,-1,0
65_726,65,False,0,1,2,1
65_727,65,False,0,2,-1,0
65_728,65,False,0,2,-1,1
65_729,65,False,0,2,-1,0
65_730,65,False,0,2,-1,1
65_731,65,False,0,2,-1,0
65_732,65,False,1,0,-1,1
65_733,65,False,0,2,-1,1
65_734,65,False,1,1,2,1
65_735,65,False,1,1,2,1
65_736,65,False,1,1,-1,0
65_737,65,False,1,1,-1,0
65_738,65,False,1,1,2,1
65_739,65,False,1,1,2,1
65_740,65,False,1,1,-1,1
65_741,65,False,1,1,-1,1
65_742,65,False,1,1,-1,1
65_743,65,False,1,1,-1,0
65_744,65,False,1,1,-1,0
65_745,65,False,1,1,2,1
65_746,65,False,1,1,2,1
65_747,65,False,1,1,-1,1
65_748,65,False,1,1,-1,1
65_749,65,False,1,1,-1,1
65_750,65,False,1,1,-1,1
65_751,65,False,1,1,-1,1
65_752,65,False,1,1,-1,1
65_753,65,False,1,1,-1,1
65_754,65,False,1,1,-1,1
65_755,65,False,1,1,-1,1
66_756,66,True,0,2,0,0
66_757,66,True,0,2,-1,1
66_758,66,True,0,2,0,0
66_759,66,True,0,1,-1,1
66_760,66,True,0,2,-1,0
66_761,66,True,0,1,-1,1
66_762,66,True,0,2,0,1
66_763,66,True,1,0,-1,1
66_764,66,True,1,1,2,1
66_765,66,True,1,1,2,1
66_766,66,True,1,1,2,1
66_767,66,True,1,1,2,1
66_768,66,True,1,1,2,1
66_769,66,True,1,1,-1,1
66_770,66,True,1,1,2,1
66_771,66,True,1,1,2,1
66_772,66,True,0,2,-1,1
66_773,66,True,0,1,-1,0
66_774,66,True,1,1,-1,0
66_775,66,True,1,1,2,1
66_776,66,True,0,1,-1,1
66_777,66,True,0,1,-1,1
66_778,66,True,0,1,2,1
66_779,66,True,1,1,-1,0
66_780,66,True,1,1,-1,1
66_781,66,True,1,1,-1,0
66_782,66,True,0,1,-1,0
66_783,66,True,1,1,-1,0
66_784,66,True,1,1,-1,0
66_785,66,True,1,1,-1,0
66_786,66,True,1,1,-1,1
66_787,66,True,1,1,-1,1
66_788,66,True,1,1,-1,0
66_789,66,True,1,1,-1,1
66_790,66,True,1,1,-1,0
66_791,66,True,0,2,-1,0
66_792,66,True,1,0,2,1
67_793,67,False,0,2,-1,1
67_794,67,False,0,2,0,1
67_795,67,False,0,2,-1,0
67_796,67,False,1,2,-1,0
67_797,67,False,0,2,-1,0
67_798,67,False,0,2,-1,1
67_799,67,False,1,1,-1,1
67_800,67,False,0,2,-1,0
67_801,67,False,0,2,0,0
67_802,67,False,0,2,0,1
67_803,67,False,0,2,-1,0
67_804,67,False,0,1,-1,1
67_805,67,False,1,1,-1,1
67_806,67,False,0,2,-1,0
67_807,67,False,0,1,-1,1
67_808,67,False,1,0,2,1
68_809,68,True,1,1,-1,1
68_810,68,True,0,2,-1,0
68_811,68,True,0,2,-1,1
68_812,68,True,0,2,-1,0
68_813,68,True,0,2,-1,1
68_814,68,True,1,1,-1,1
68_815,68,True,0,2,-1,0
68_816,68,True,1,1,-1,1
68_817,68,True,0,2,-1,1
68_818,68,True,0,2,0,0
68_819,68,True,0,2,0,1
68_820,68,True,1,2,-1,0
68_821,68,True,0,2,-1,1
68_822,68,True,0,2,0,1
68_823,68,True,1,2,-1,1
68_824,68,True,0,2,-1,1
68_825,68,True,0,2,-1,1
68_826,68,True,0,2,-1,1
68_827,68,True,0,2,-1,0
68_828,68,True,0,2,-1,1
68_829,68,True,0,2,-1,0
68_830,68,True,0,2,-1,1
68_831,68,True,0,2,-1,0
68_832,68,True,0,2,-1,1
68_833,68,True,0,1,-1,1
68_834,68,True,0,2,-1,0
68_835,68,True,0,2,0,1
68_836,68,True,0,2,-1,0
68_837,68,True,0,2,-1,1
68_838,68,True,0,2,-1,1
68_839,68,True,0,2,-1,1
68_840,68,True,0,2,-1,1
68_841,68,True,0,2,-1,1
68_842,68,True,0,2,0,1
68_843,68,True,1,1,-1,1
68_844,68,True,1,0,2,1
69_845,69,False,0,2,-1,1
69_846,69,False,0,2,-1,0
69_847,69,False,0,1,-1,1
69_848,69,False,0,2,0,1
69_849,69,False,0,2,-1,1
69_850,69,False,0,2,-1,0
69_851,69,False,0,2,-1,1
69_852,69,False,0,2,-1,1
69_853,69,False,0,2,-1,1
69_854,69,False,0,2,-1,1
69_855,69,False,0,2,-1,0
69_856,69,False,0,2,-1,1
69_857,69,False,0,2,0,1
69_858,69,False,0,2,-1,1
69_859,69,False,0,2,-1,0
69_860,69,False,0,2,0,1
69_861,69,False,0,2,-1,0
69_862,69,False,0,2,0,1
69_863,69,False,1,0,2,1
70_864,70,True,0,2,-1,1
70_865,70,True,0,2,-1,0
70_866,70,True,1,0,2,1
70_867,70,True,0,2,-1,1
70_868,70,True,0,2,-1,1
70_869,70,True,1,2,-1,1
70_870,70,True,0,1,-1,1
70_871,70,True,0,2,-1,1
70_872,70,True,0,2,-1,1
70_873,70,True,0,2,0,0
70_874,70,True,0,1,-1,1
70_875,70,True,1,0,2,1
70_876,70,True,0,2,-1,1
70_877,70,True,0,2,-1,1
70_878,70,True,0,2,-1,1
70_879,70,True,0,2,-1,1
70_880,70,True,1,0,2,1
70_881,70,True,0,2,-1,0
70_882,70,True,0,2,0,1
70_883,70,True,0,1,-1,1
70_884,70,True,0,2,-1,1
70_885,70,True,0,2,-1,1
70_886,70,True,1,0,2,1
71_887,71,False,0,2,-1,0
71_888,71,False,0,2,-1,1
71_889,71,False,1,2,-1,0
71_890,71,False,0,2,-1,1
71_891,71,False,1,0,2,1
71_892,71,False,0,2,-1,0
71_893,71,False,1,0,2,1
71_894,71,False,0,2,-1,1
71_895,71,False,0,2,-1,1
71_896,71,False,1,0,2,1
71_897,71,False,0,2,-1,1
71_898,71,False,0,2,-1,1
71_899,71,False,0,2,-1,0
71_900,71,False,1,2,-1,1
71_901,71,False,0,2,-1,1
71_902,71,False,0,2,-1,1
71_903,71,False,0,2,-1,0
71_904,71,False,0,2,-1,1
71_905,71,False,0,2,-1,0
71_906,71,False,0,2,-1,1
71_907,71,False,1,0,2,1
72_908,72,True,1,2,-1,0
72_909,72,True,0,2,0,1
72_910,72,True,0,2,-1,1
72_911,72,True,1,0,-1,1
72_912,72,True,1,0,2,1
72_913,72,True,1,0,-1,1
72_914,72,True,0,2,-1,0
72_915,72,True,0,2,-1,1
72_916,72,True,0,2,-1,1
72_917,72,True,1,0,2,1
72_918,72,True,0,2,0,0
72_919,72,True,0,2,-1,1
72_920,72,True,1,0,-1,1
72_921,72,True,0,2,-1,1
72_922,72,True,0,2,-1,1
72_923,72,True,1,1,-1,1
72_924,72,True,1,0,2,1
73_925,73,True,0,2,-1,0
73_926,73,True,0,2,0,1
73_927,73,True,0,2,-1,0
73_928,73,True,1,1,-1,1
73_929,73,True,0,2,-1,0
73_930,73,True,0,1,2,1
73_931,73,True,0,2,0,0
73_932,73,True,0,2,-1,1
73_933,73,True,0,2,-1,0
73_934,73,True,0,2,0,1
73_935,73,True,0,2,-1,0
73_936,73,True,1,0,2,1
73_937,73,True,0,2,-1,0
73_938,73,True,1,0,-1,1
73_939,73,True,0,2,-1,0
73_940,73,True,0,2,-1,1
73_941,73,True,0,2,-1,1
73_942,73,True,0,2,-1,1
73_943,73,True,0,2,-1,0
73_944,73,True,1,0,2,1
73_945,73,True,0,1,0,1
73_946,73,True,0,2,0,0
73_947,73,True,0,2,-1,1
73_948,73,True,0,2,-1,0
73_949,73,True,0,1,-1,1
73_950,73,True,1,1,-1,0
73_951,73,True,0,2,-1,0
73_952,73,True,1,0,-1,1
73_953,73,True,1,0,2,1
74_954,74,True,0,2,-1,1
74_955,74,True,0,2,-1,1
74_956,74,True,0,1,2,1
74_957,74,True,0,1,-1,1
74_958,74,True,0,2,-1,1
74_959,74,True,0,2,-1,0
74_960,74,True,0,1,-1,1
74_961,74,True,0,1,-1,1
74_962,74,True,0,2,-1,1
74_963,74,True,0,2,-1,0
74_964,74,True,1,2,-1,0
74_965,74,True,0,2,-1,1
74_966,74,True,0,2,-1,0
74_967,74,True,0,2,-1,1
74_968,74,True,0,2,-1,0
74_969,74,True,1,1,-1,1
74_970,74,True,0,2,0,1
74_971,74,True,0,2,0,1
74_972,74,True,0,2,-1,1
74_973,74,True,1,0,2,1
74_974,74,True,0,2,0,0
74_975,74,True,0,2,-1,1
74_976,74,True,0,2,-1,1
74_977,74,True,0,2,-1,1
74_978,74,True,0,1,-1,1
74_979,74,True,0,2,0,0
74_980,74,True,1,0,2,1
74_981,74,True,0,2,-1,0
74_982,74,True,0,2,-1,1
74_983,74,True,0,2,-1,0
74_984,74,True,0,1,-1,1
74_985,74,True,0,2,-1,1
74_986,74,True,1,0,-1,0
74_987,74,True,1,0,2,1
75_988,75,False,1,2,-1,1
75_989,75,False,0,2,-1,0
75_990,75,False,0,2,-1,1
75_991,75,False,0,2,-1,0
75_992,75,False,0,2,0,1
75_993,75,False,0,2,-1,1
75_994,75,False,0,2,0,0
75_995,75,False,1,0,2,1
75_996,75,False,0,2,0,1
75_997,75,False,0,2,-1,1
75_998,75,False,0,2,0,0
75_999,75,False,1,2,-1,1
75_1000,75,False,0,2,-1,1
75_1001,75,False,0,1,-1,1
75_1002,75,False,1,0,-1,1
76_1003,76,True,0,2,-1,0
76_1004,76,True,0,1,-1,1
76_1005,76,True,0,2,0,0
76_1006,76,True,0,2,-1,1
76_1007,76,True,0,2,0,1
76_1008,76,True,0,2,-1,0
76_1009,76,True,0,2,-1,1
76_1010,76,True,1,0,2,1
76_1011,76,True,0,2,-1,1
76_1012,76,True,0,2,-1,1
76_1013,76,True,0,2,0,0
76_1014,76,True,1,0,2,1
76_1015,76,True,0,2,-1,0
76_1016,76,True,0,2,-1,1
76_1017,76,True,0,2,-1,0
76_1018,76,True,1,0,2,1
76_1019,76,True,0,2,-1,0
76_1020,76,True,0,1,-1,1
76_1021,76,True,0,2,0,0
76_1022,76,True,0,2,-1,1
76_1023,76,True,1,0,2,1
76_1024,76,True,0,2,0,0
76_1025,76,True,1,1,-1,0
76_1026,76,True,0,2,0,0
76_1027,76,True,1,0,2,1
78_1028,78,True,0,2,0,0
78_1029,78,True,0,2,0,1
78_1030,78,True,1,1,-1,1
78_1031,78,True,0,2,-1,0
78_1032,78,True,0,2,-1,1
78_1033,78,True,0,2,-1,1
78_1034,78,True,0,2,0,1
78_1035,78,True,0,2,-1,0
78_1036,78,True,1,0,2,1
78_1037,78,True,0,2,-1,0
78_1038,78,True,1,0,2,1
79_1039,79,True,1,0,-1,0
79_1040,79,True,0,1,-1,1
79_1041,79,True,0,2,0,1
79_1042,79,True,0,2,-1,0
79_1043,79,True,1,2,-1,0
79_1044,79,True,0,2,-1,0
79_1045,79,True,0,2,-1,1
79_1046,79,True,1,1,-1,1
79_1047,79,True,0,2,0,0
79_1048,79,True,1,0,2,1
79_1049,79,True,0,1,2,1
79_1050,79,True,1,1,-1,0
79_1051,79,True,0,2,-1,1
79_1052,79,True,0,1,-1,1
79_1053,79,True,1,0,-1,1
79_1054,79,True,0,2,0,0
79_1055,79,True,0,1,-1,1
79_1056,79,True,1,2,-1,0
79_1057,79,True,0,2,-1,1
79_1058,79,True,0,2,-1,0
79_1059,79,True,0,2,0,1
79_1060,79,True,1,0,2,1
79_1061,79,True,0,1,-1,1
79_1062,79,True,0,2,-1,1
79_1063,79,True,0,2,0,0
79_1064,79,True,1,0,2,1
79_1065,79,True,0,2,-1,0
79_1066,79,True,0,1,-1,1
79_1067,79,True,0,2,0,1
79_1068,79,True,0,2,-1,0
79_1069,79,True,1,0,2,1
79_1070,79,True,0,2,-1,1
79_1071,79,True,0,2,-1,1
79_1072,79,True,0,2,-1,0
79_1073,79,True,0,2,-1,1
79_1074,79,True,0,2,0,1
79_1075,79,True,1,0,-1,1
80_1076,80,True,0,2,-1,1
80_1077,80,True,0,2,-1,1
80_1078,80,True,0,1,-1,1
80_1079,80,True,0,2,0,1
80_1080,80,True,0,2,-1,1
80_1081,80,True,0,2,-1,1
80_1082,80,True,0,2,-1,0
80_1083,80,True,0,2,-1,1
80_1084,80,True,0,2,-1,1
80_1085,80,True,0,2,-1,1
80_1086,80,True,0,2,0,0
80_1087,80,True,0,1,-1,1
80_1088,80,True,0,2,0,1
80_1089,80,True,0,2,-1,1
80_1090,80,True,0,2,-1,1
80_1091,80,True,1,0,2,1
80_1092,80,True,0,2,-1,0
80_1093,80,True,0,1,-1,1
80_1094,80,True,0,2,-1,0
80_1095,80,True,0,2,-1,1
80_1096,80,True,1,1,-1,1
80_1097,80,True,0,2,-1,0
80_1098,80,True,0,2,-1,1
80_1099,80,True,0,2,-1,0
80_1100,80,True,0,2,-1,1
80_1101,80,True,0,2,-1,0
80_1102,80,True,0,2,-1,1
80_1103,80,True,1,0,2,1
81_1104,81,True,0,2,-1,1
81_1105,81,True,1,1,-1,1
81_1106,81,True,0,2,-1,1
81_1107,81,True,0,2,-1,0
81_1108,81,True,0,2,-1,1
81_1109,81,True,0,2,0,1
81_1110,81,True,1,2,2,1
81_1111,81,True,0,2,-1,0
81_1112,81,True,0,2,-1,1
81_1113,81,True,0,1,-1,1
81_1114,81,True,1,1,-1,1
81_1115,81,True,0,2,-1,0
81_1116,81,True,0,1,-1,1
81_1117,81,True,1,0,-1,1
